transaction_id,is_fraud,confidence,rule_score,iforest_score,autoencoder_score,fused_score,triaged,source,hard_rule,injection_suspected,rule_slm_conflict,rule_codes,justification
TXN_0000796,False,0.765,0.08333333333333333,0.645748987854251,0.8582995951417004,0.48454790823211874,False,deterministic_below_threshold,False,False,False,NEW_DEVICE,Reviewed and cleared; minor signals only (initiated from a device not seen before).
TXN_0000974,True,0.8,0.5,0.7722672064777328,0.6497975708502024,0.6266194331983805,True,slm,False,False,False,IMPOSSIBLE_TRAVEL|BALANCE_NEGATIVE|CUSTOMER_HIGH_RISK|KYC_NOT_VERIFIED,The customer's high internal risk rating and expired KYC status indicate a high likelihood of fraudulent activity.
TXN_0000795,False,0.712,0.16666666666666666,0.8157894736842105,0.7540485829959515,0.5376180836707152,False,deterministic_below_threshold,False,False,False,NIGHT_HOURS|BALANCE_NEGATIVE,"Reviewed and cleared; minor signals only (occurred at 03:00, outside normal activity hours; drove the account balance negative)."
TXN_0000695,False,0.85,0.16666666666666666,0.7530364372469636,0.35931174089068824,0.40037112010796216,False,deterministic_below_threshold,False,False,False,NEW_DEVICE|KYC_NOT_VERIFIED,Reviewed and cleared; minor signals only (initiated from a device not seen before; customer KYC status is EXPIRED).
TXN_0000588,True,0.85,0.16666666666666666,0.8825910931174089,0.8259109311740891,0.579217273954116,True,slm,False,False,False,NEW_DEVICE|KYC_NOT_VERIFIED,"The transaction is a failed transfer from Jio Recharge, a utility merchant, to an account with an average monthly balance of $43,372.00, indicating a potential high-risk transaction."
TXN_0000011,False,0.778,0.08333333333333333,0.7601214574898786,0.701417004048583,0.4717948717948718,False,deterministic_below_threshold,False,False,False,NEW_DEVICE,Reviewed and cleared; minor signals only (initiated from a device not seen before).
TXN_0000849,False,0.934,0.25,0.3785425101214575,0.3410931174089069,0.3158906882591093,False,deterministic_below_threshold,False,False,False,IMPOSSIBLE_TRAVEL,"Reviewed and cleared; minor signals only (card physically present 1,300 km from home)."
TXN_0000714,False,0.743,0.16666666666666666,0.771255060728745,0.6973684210526315,0.5072537112010795,False,deterministic_below_threshold,False,False,False,VELOCITY_24H,Reviewed and cleared; minor signals only (3 transactions in the preceding 24h).
TXN_0000515,False,0.99,0.0,0.011133603238866396,0.25809716599190285,0.08076923076923077,False,deterministic_below_threshold,False,False,False,,Consistent with the account's normal transaction pattern; no fraud indicators triggered.
TXN_0000299,False,0.749,0.5833333333333334,0.2540485829959514,0.6366396761133604,0.5005398110661269,False,deterministic_below_threshold,False,False,False,NO_AUTH_HIGH_VALUE|IMPOSSIBLE_TRAVEL|NEW_DEVICE,"Reviewed and cleared; minor signals only (no authentication on a 17,744 INR transaction; card physically present 507 km from home)."
TXN_0000208,False,0.99,0.0,0.010121457489878543,0.4139676113360324,0.12722672064777327,False,deterministic_below_threshold,False,False,False,,Consistent with the account's normal transaction pattern; no fraud indicators triggered.
TXN_0000062,False,0.99,0.08333333333333333,0.09817813765182186,0.4423076923076923,0.19547908232118757,False,deterministic_below_threshold,False,False,False,NEW_DEVICE,Reviewed and cleared; minor signals only (initiated from a device not seen before).
TXN_0000198,False,0.716,0.08333333333333333,0.902834008097166,0.7672064777327935,0.5343454790823211,False,deterministic_below_threshold,False,False,False,NEW_DEVICE,Reviewed and cleared; minor signals only (initiated from a device not seen before).
TXN_0000708,False,0.974,0.0,0.33805668016194335,0.5819838056680162,0.27601214574898786,False,deterministic_below_threshold,False,False,False,,Consistent with the account's normal transaction pattern; no fraud indicators triggered.
TXN_0000535,False,0.924,0.25,0.3410931174089069,0.4109311740890688,0.3256072874493927,False,deterministic_below_threshold,False,False,False,AMOUNT_RATIO_HIGH|NEW_DEVICE,Reviewed and cleared; minor signals only (amount is 24.0x the account average; initiated from a device not seen before).
TXN_0000790,False,0.869,0.16666666666666666,0.5435222672064778,0.5050607287449392,0.38124156545209176,False,deterministic_below_threshold,False,False,False,AMOUNT_RATIO_HIGH,Reviewed and cleared; minor signals only (amount is 10.3x the account average).
TXN_0000360,False,0.99,0.08333333333333333,0.039473684210526314,0.1325910931174089,0.08495276653171391,False,deterministic_below_threshold,False,False,False,CUSTOMER_HIGH_RISK,Reviewed and cleared; minor signals only (customer carries a HIGH internal risk rating).
TXN_0000625,False,0.99,0.0,0.12651821862348178,0.06275303643724696,0.056781376518218615,False,deterministic_below_threshold,False,False,False,,Consistent with the account's normal transaction pattern; no fraud indicators triggered.
TXN_0000705,False,0.92,0.25,0.34210526315789475,0.4240890688259109,0.3298582995951417,False,deterministic_below_threshold,False,False,False,IMPOSSIBLE_TRAVEL,Reviewed and cleared; minor signals only (card physically present 605 km from home).
TXN_0000225,False,0.934,0.16666666666666666,0.6305668016194332,0.19939271255060728,0.3156545209176788,False,deterministic_below_threshold,False,False,False,NIGHT_HOURS|CUSTOMER_HIGH_RISK,"Reviewed and cleared; minor signals only (occurred at 00:00, outside normal activity hours; customer carries a HIGH internal risk rating)."
TXN_0000440,True,0.85,0.25,0.742914979757085,0.8461538461538461,0.5767206477732794,True,slm,False,False,False,FOREIGN_MERCHANT,"The transaction is from Luxury Goods Direct, a merchant category in JEWELLERY, in PH, the customer's home country, which is suspicious due to the merchant's location."
TXN_0000305,False,0.904,0.16666666666666666,0.4777327935222672,0.4524291497975709,0.34571524966261813,False,deterministic_below_threshold,False,False,False,CUSTOMER_HIGH_RISK|KYC_NOT_VERIFIED,Reviewed and cleared; minor signals only (customer carries a HIGH internal risk rating; customer KYC status is EXPIRED).
TXN_0000394,True,0.85,0.6666666666666666,0.9574898785425101,0.9939271255060729,0.8520917678812414,True,slm,True,False,False,FOREIGN_MERCHANT|HIGH_RISK_CATEGORY|CUSTOMER_HIGH_RISK|POLITICALLY_EXPOSED,"The transaction is an unauthorized purchase by a high-risk merchant in the customer's home country, despite the customer's high internal risk rating and political exposure."
TXN_0000328,False,0.836,0.25,0.8633603238866396,0.18319838056680163,0.4139676113360324,False,deterministic_below_threshold,False,False,False,NEW_DEVICE|CUSTOMER_HIGH_RISK|POLITICALLY_EXPOSED,Reviewed and cleared; minor signals only (initiated from a device not seen before; customer carries a HIGH internal risk rating).
TXN_0000609,False,0.99,0.0,0.1720647773279352,0.6933198380566802,0.25961538461538464,False,deterministic_below_threshold,False,False,False,,Consistent with the account's normal transaction pattern; no fraud indicators triggered.
TXN_0000910,False,0.99,0.16666666666666666,0.27125506072874495,0.07995951417004049,0.1720310391363023,False,deterministic_below_threshold,False,False,False,CUSTOMER_HIGH_RISK|KYC_NOT_VERIFIED,Reviewed and cleared; minor signals only (customer carries a HIGH internal risk rating; customer KYC status is EXPIRED).
TXN_0000806,True,0.68,0.4166666666666667,0.8643724696356275,0.8360323886639676,0.6767881241565452,True,slm,False,False,False,HIGH_RISK_CATEGORY|CUSTOMER_HIGH_RISK|KYC_NOT_VERIFIED,"The transaction is a purchase from CryptoXchange Global, a high-risk merchant category, and the customer's high internal risk rating and expired KYC status indicate a high level of internal risk."
TXN_0000549,False,0.884,0.08333333333333333,0.49190283400809715,0.618421052631579,0.36643049932523614,False,deterministic_below_threshold,False,False,False,BALANCE_NEGATIVE,Reviewed and cleared; minor signals only (drove the account balance negative).
TXN_0000464,False,0.978,0.0,0.6710526315789473,0.23481781376518218,0.27176113360323884,False,deterministic_below_threshold,False,False,False,,Consistent with the account's normal transaction pattern; no fraud indicators triggered.
TXN_0000570,False,0.99,0.08333333333333333,0.3451417004048583,0.22064777327935223,0.20307017543859648,False,deterministic_below_threshold,False,False,False,NEW_DEVICE,Reviewed and cleared; minor signals only (initiated from a device not seen before).
TXN_0000256,False,0.99,0.16666666666666666,0.3623481781376518,0.13663967611336034,0.2163630229419703,False,deterministic_below_threshold,False,False,False,NEW_DEVICE|KYC_NOT_VERIFIED,Reviewed and cleared; minor signals only (initiated from a device not seen before; customer KYC status is EXPIRED).
TXN_0000042,True,0.9,0.6666666666666666,0.840080971659919,0.7368421052631579,0.7397435897435898,True,slm,False,False,False,FOREIGN_MERCHANT|IMPOSSIBLE_TRAVEL|CUSTOMER_HIGH_RISK|KYC_NOT_VERIFIED,"The transaction from Zomato, a Russian food delivery merchant, to a customer in Jaipur, India, with a high internal risk rating and pending KYC status, meets the criteria for a potential bank fraud."
TXN_0000541,False,0.767,0.25,0.5445344129554656,0.7317813765182186,0.48289473684210527,False,deterministic_below_threshold,False,False,False,IMPOSSIBLE_TRAVEL,"Reviewed and cleared; minor signals only (card physically present 1,189 km from home)."
TXN_0000419,False,0.99,0.08333333333333333,0.06275303643724696,0.005060728744939271,0.053677462887989205,False,deterministic_below_threshold,False,False,False,CUSTOMER_HIGH_RISK,Reviewed and cleared; minor signals only (customer carries a HIGH internal risk rating).
TXN_0000427,False,0.84,0.08333333333333333,0.46153846153846156,0.7945344129554656,0.4101551956815115,False,deterministic_below_threshold,False,False,False,NEW_DEVICE,Reviewed and cleared; minor signals only (initiated from a device not seen before).
TXN_0000197,False,0.915,0.25,0.6295546558704453,0.1548582995951417,0.33532388663967605,False,deterministic_below_threshold,False,False,False,NEW_DEVICE|CUSTOMER_HIGH_RISK|POLITICALLY_EXPOSED,Reviewed and cleared; minor signals only (initiated from a device not seen before; customer carries a HIGH internal risk rating).
TXN_0000181,False,0.908,0.16666666666666666,0.4433198380566802,0.47368421052631576,0.34176788124156543,False,deterministic_below_threshold,False,False,False,CUSTOMER_HIGH_RISK|KYC_NOT_VERIFIED,Reviewed and cleared; minor signals only (customer carries a HIGH internal risk rating; customer KYC status is PENDING).
TXN_0000266,False,0.793,0.08333333333333333,0.8846153846153846,0.5263157894736842,0.45661268556005397,False,deterministic_below_threshold,False,False,False,NEW_DEVICE,Reviewed and cleared; minor signals only (initiated from a device not seen before).
TXN_0000776,False,0.678,0.3333333333333333,0.9463562753036437,0.5172064777327935,0.5724021592442644,False,deterministic_below_threshold,False,False,False,FOREIGN_MERCHANT|NIGHT_HOURS,"Reviewed and cleared; minor signals only (merchant is in PH, outside the customer's home country; occurred at 04:00, outside normal activity hours)."
TXN_0000013,False,0.99,0.0,0.06376518218623482,0.7884615384615384,0.255668016194332,False,deterministic_below_threshold,False,False,False,,Consistent with the account's normal transaction pattern; no fraud indicators triggered.
TXN_0000957,True,0.8,0.3333333333333333,0.5941295546558705,0.9564777327935222,0.5985155195681511,True,slm,False,False,False,IMPOSSIBLE_TRAVEL|KYC_NOT_VERIFIED,"The customer's device type is a POS TERMINAL, which is a common point of sale device, and the distance from home is 906.10 km, indicating the transaction occurred outside the customer's usual location. The customer's KYC status is PENDING, which may indicate a higher risk of fraudulent activity."
TXN_0000143,True,0.9,0.5,0.97165991902834,0.9726720647773279,0.7832995951417003,True,slm,False,False,False,FOREIGN_MERCHANT|NEW_DEVICE|CUSTOMER_HIGH_RISK|KYC_NOT_VERIFIED,"The transaction is an unauthorized purchase from Amazon India, a foreign merchant, initiated from an unknown device, and has a HIGH internal customer risk rating, despite the customer's PENDING KYC status."
TXN_0000704,False,0.99,0.16666666666666666,0.24898785425101214,0.2165991902834008,0.20634278002699052,False,deterministic_below_threshold,False,False,False,VELOCITY_24H,Reviewed and cleared; minor signals only (3 transactions in the preceding 24h).
TXN_0000640,False,0.905,0.08333333333333333,0.6325910931174089,0.4048582995951417,0.3445681511470985,False,deterministic_below_threshold,False,False,False,NIGHT_HOURS,"Reviewed and cleared; minor signals only (occurred at 03:00, outside normal activity hours)."
TXN_0000108,True,0.95,0.5833333333333334,0.9362348178137652,0.8380566801619433,0.765620782726046,True,slm,False,False,False,FOREIGN_MERCHANT|IMPOSSIBLE_TRAVEL|NEW_DEVICE,"The transaction from PVR Cinemas in Nigeria, 10,251 km from the customer's home city of Chennai, with a high anomaly model score, indicates a potential case of international credit card fraud."
TXN_0000087,True,0.9,0.4166666666666667,0.8997975708502024,0.5647773279352226,0.6060391363022942,True,slm,False,False,False,FOREIGN_MERCHANT|NEW_DEVICE|KYC_NOT_VERIFIED,"The transaction from Myntra in Dubai, a foreign merchant, to the customer's account in the UAE, initiated from an unknown device, and with a pending KYC status, raises red flags."
TXN_0000494,True,0.9,0.5,0.5860323886639676,0.7651821862348178,0.6053643724696356,True,slm,False,False,False,IMPOSSIBLE_TRAVEL|VELOCITY_24H|NIGHT_HOURS,"The transaction data indicates the card was physically present at a distance of 1,104 km from the customer's home, which is suspicious and warrants further investigation."
TXN_0000358,False,0.961,0.25,0.2975708502024291,0.3340080971659919,0.28947368421052627,False,deterministic_below_threshold,False,False,False,IMPOSSIBLE_TRAVEL,"Reviewed and cleared; minor signals only (card physically present 1,095 km from home)."
TXN_0000271,False,0.99,0.16666666666666666,0.1396761133603239,0.4058704453441296,0.2303306342780027,False,deterministic_below_threshold,False,False,False,CUSTOMER_HIGH_RISK|KYC_NOT_VERIFIED,Reviewed and cleared; minor signals only (customer carries a HIGH internal risk rating; customer KYC status is EXPIRED).
TXN_0000509,False,0.99,0.0,0.10020242914979757,0.28846153846153844,0.1165991902834008,False,deterministic_below_threshold,False,False,False,,Consistent with the account's normal transaction pattern; no fraud indicators triggered.
TXN_0000170,False,0.884,0.16666666666666666,0.7945344129554656,0.20445344129554655,0.3663630229419703,False,deterministic_below_threshold,False,False,False,NEW_DEVICE|KYC_NOT_VERIFIED,Reviewed and cleared; minor signals only (initiated from a device not seen before; customer KYC status is PENDING).
TXN_0000757,False,0.957,0.0,0.4817813765182186,0.4959514170040486,0.29331983805668016,False,deterministic_below_threshold,False,False,False,,Consistent with the account's normal transaction pattern; no fraud indicators triggered.
TXN_0000772,False,0.99,0.16666666666666666,0.15890688259109312,0.39979757085020245,0.23427800269905533,False,deterministic_below_threshold,False,False,False,NIGHT_HOURS|NEW_DEVICE,"Reviewed and cleared; minor signals only (occurred at 01:00, outside normal activity hours; initiated from a device not seen before)."
TXN_0000015,False,0.952,0.16666666666666666,0.3016194331983806,0.4686234817813765,0.29773954116059376,False,deterministic_below_threshold,False,False,False,NIGHT_HOURS|NEW_DEVICE,"Reviewed and cleared; minor signals only (occurred at 00:00, outside normal activity hours; initiated from a device not seen before)."
TXN_0000422,False,0.99,0.08333333333333333,0.23684210526315788,0.45951417004048584,0.24224021592442643,False,deterministic_below_threshold,False,False,False,NEW_DEVICE,Reviewed and cleared; minor signals only (initiated from a device not seen before).
TXN_0000878,False,0.99,0.08333333333333333,0.3360323886639676,0.35020242914979755,0.2392037786774629,False,deterministic_below_threshold,False,False,False,CUSTOMER_HIGH_RISK,Reviewed and cleared; minor signals only (customer carries a HIGH internal risk rating).
TXN_0000297,True,0.99,0.3333333333333333,0.9908906882591093,0.6072874493927125,0.6127867746288799,True,slm,False,False,False,VELOCITY_24H|ORPHAN_ACCOUNT,"The transaction is a purchase from MakeMyTrip, a travel merchant, with a distance from home of 196.90 km, indicating a long-distance transaction. The account average amount (2.45x) is lower than the transaction amount (15,418.15), suggesting a potential anomaly."
TXN_0000039,False,0.942,0.08333333333333333,0.4625506072874494,0.4534412955465587,0.3081309041835357,False,deterministic_below_threshold,False,False,False,NEW_DEVICE,Reviewed and cleared; minor signals only (initiated from a device not seen before).
TXN_0000574,False,0.99,0.08333333333333333,0.4149797570850202,0.03744939271255061,0.16906207827260455,False,deterministic_below_threshold,False,False,False,CUSTOMER_HIGH_RISK,Reviewed and cleared; minor signals only (customer carries a HIGH internal risk rating).
TXN_0000311,False,0.99,0.0,0.20647773279352227,0.19534412955465588,0.12054655870445344,False,deterministic_below_threshold,False,False,False,,Consistent with the account's normal transaction pattern; no fraud indicators triggered.
TXN_0000200,False,0.99,0.16666666666666666,0.1508097165991903,0.4605263157894737,0.2500674763832659,False,deterministic_below_threshold,False,False,False,CUSTOMER_HIGH_RISK|KYC_NOT_VERIFIED,Reviewed and cleared; minor signals only (customer carries a HIGH internal risk rating; customer KYC status is EXPIRED).
TXN_0000748,False,0.736,0.16666666666666666,0.7753036437246964,0.7165991902834008,0.5142375168690958,False,deterministic_below_threshold,False,False,False,NIGHT_HOURS|BALANCE_NEGATIVE,"Reviewed and cleared; minor signals only (occurred at 00:00, outside normal activity hours; drove the account balance negative)."
TXN_0000528,True,0.95,0.5833333333333334,0.9453441295546559,0.9625506072874493,0.8057017543859649,True,slm,False,False,False,FOREIGN_MERCHANT|IMPOSSIBLE_TRAVEL|BALANCE_NEGATIVE,"The transaction is an unauthorized purchase by a card from a merchant in a foreign country, with the card physically present a significant distance from the customer's home location, and the account balance is negative, indicating a potential financial abuse."
TXN_0000633,False,0.99,0.08333333333333333,0.23987854251012145,0.28441295546558704,0.19062078272604588,False,deterministic_below_threshold,False,False,False,CUSTOMER_HIGH_RISK,Reviewed and cleared; minor signals only (customer carries a HIGH internal risk rating).
TXN_0000881,False,0.877,0.08333333333333333,0.3147773279352227,0.8168016194331984,0.37280701754385964,False,deterministic_below_threshold,False,False,False,NEW_DEVICE,Reviewed and cleared; minor signals only (initiated from a device not seen before).
TXN_0000088,False,0.99,0.16666666666666666,0.3319838056680162,0.3076923076923077,0.2585695006747638,False,deterministic_below_threshold,False,False,False,NEW_DEVICE|KYC_NOT_VERIFIED,Reviewed and cleared; minor signals only (initiated from a device not seen before; customer KYC status is PENDING).
TXN_0000323,False,0.853,0.08333333333333333,0.659919028340081,0.5536437246963563,0.3974021592442645,False,deterministic_below_threshold,False,False,False,BALANCE_NEGATIVE,Reviewed and cleared; minor signals only (drove the account balance negative).
TXN_0000613,False,0.99,0.0,0.5516194331983806,0.2236842105263158,0.2325910931174089,False,deterministic_below_threshold,False,False,False,,Consistent with the account's normal transaction pattern; no fraud indicators triggered.
TXN_0000459,True,0.9,0.6666666666666666,0.9827935222672065,0.9959514170040485,0.8602901484480432,True,slm,True,False,False,FOREIGN_MERCHANT|HIGH_RISK_CATEGORY|NIGHT_HOURS|BALANCE_NEGATIVE,"The transaction is from CryptoXchange Global, a high-risk merchant category, and occurred at an unusual hour, driving a negative account balance."
TXN_0000282,False,0.57,0.3333333333333333,0.8744939271255061,0.569838056680162,0.5666329284750338,True,slm,True,False,True,AMOUNT_RATIO_EXTREME|NEW_DEVICE,"The transaction amount (INR 19,251.51) is 102x the account average, indicating a potential large transfer, and the transaction was initiated from an unfamiliar device (ANDROID), which raises suspicions."
TXN_0000399,False,0.816,0.25,0.52834008097166,0.5840080971659919,0.43370445344129555,False,deterministic_below_threshold,False,False,False,IMPOSSIBLE_TRAVEL,"Reviewed and cleared; minor signals only (card physically present 1,328 km from home)."
TXN_0000173,False,0.92,0.5,0.4493927125506073,0.917004048582996,0.6099190283400809,True,slm,True,False,True,AMOUNT_RATIO_EXTREME|NIGHT_HOURS|CUSTOMER_HIGH_RISK|KYC_NOT_VERIFIED,"The transaction is a purchase of INR 110,329.47 from Tanishq Jewellers, a merchant category JEWELLERY, in Pune, IN, with a distance of 1.00 km from the customer's home city, and a customer age of 25, who carries a HIGH internal risk rating and has an EXPIRED KYC status."
TXN_0000452,False,0.99,0.08333333333333333,0.27530364372469635,0.14473684210526316,0.1593454790823212,False,deterministic_below_threshold,False,False,False,NIGHT_HOURS,"Reviewed and cleared; minor signals only (occurred at 05:00, outside normal activity hours)."
TXN_0000468,False,0.85,0.4166666666666667,0.6751012145748988,0.937246963562753,0.6503711201079623,True,slm,True,False,True,AMOUNT_RATIO_EXTREME|NEW_DEVICE|POLITICALLY_EXPOSED,"The transaction is a withdrawal of ₹4110.84 from an account with an average balance of ₹6275.49, which is 152x the account average, indicating a high withdrawal amount. The transaction was initiated from an unknown device, and the customer is politically exposed, suggesting a potential risk profile."
TXN_0000573,False,0.99,0.08333333333333333,0.0840080971659919,0.1214574898785425,0.09497300944669365,False,deterministic_below_threshold,False,False,False,NEW_DEVICE,Reviewed and cleared; minor signals only (initiated from a device not seen before).
TXN_0000915,False,0.918,0.25,0.32793522267206476,0.444331983805668,0.33168016194331984,False,deterministic_below_threshold,False,False,False,VELOCITY_24H|NIGHT_HOURS,"Reviewed and cleared; minor signals only (3 transactions in the preceding 24h; occurred at 00:00, outside normal activity hours)."
TXN_0000285,False,0.91,0.25,0.521255060728745,0.2793522267206478,0.34018218623481783,False,deterministic_below_threshold,False,False,False,IMPOSSIBLE_TRAVEL,"Reviewed and cleared; minor signals only (card physically present 1,338 km from home)."
TXN_0000381,False,0.882,0.0,0.4939271255060729,0.7327935222672065,0.36801619433198385,False,deterministic_below_threshold,False,False,False,,Consistent with the account's normal transaction pattern; no fraud indicators triggered.
TXN_0000120,False,0.99,0.0,0.5728744939271255,0.07692307692307693,0.19493927125506072,False,deterministic_below_threshold,False,False,False,,Consistent with the account's normal transaction pattern; no fraud indicators triggered.
TXN_0000109,False,0.806,0.08333333333333333,0.395748987854251,0.97165991902834,0.44355600539811063,False,deterministic_below_threshold,False,False,False,NEW_DEVICE,Reviewed and cleared; minor signals only (initiated from a device not seen before).
TXN_0000006,True,0.9,0.75,0.9848178137651822,0.9969635627530364,0.8945344129554655,True,slm,True,False,False,FOREIGN_MERCHANT|AMOUNT_RATIO_EXTREME|IMPOSSIBLE_TRAVEL,"The transaction is an unauthorized withdrawal of Rs. 9,924.08 from an HDFC ATM account located in Moscow, Russia, which is outside the customer's home country, and the amount is 397x the account average, indicating a potential high-value transaction."
TXN_0000610,False,0.809,0.0,0.7449392712550608,0.7267206477732794,0.441497975708502,False,deterministic_below_threshold,False,False,False,,Consistent with the account's normal transaction pattern; no fraud indicators triggered.
TXN_0000252,False,0.99,0.08333333333333333,0.1700404858299595,0.41295546558704455,0.20823211875843453,False,deterministic_below_threshold,False,False,False,NIGHT_HOURS,"Reviewed and cleared; minor signals only (occurred at 00:00, outside normal activity hours)."
TXN_0000846,False,0.728,0.0,0.832995951417004,0.9058704453441295,0.52165991902834,False,deterministic_below_threshold,False,False,False,,Consistent with the account's normal transaction pattern; no fraud indicators triggered.
TXN_0000968,False,0.766,0.08333333333333333,0.9240890688259109,0.5779352226720648,0.48394062078272604,False,deterministic_below_threshold,False,False,False,CUSTOMER_HIGH_RISK,Reviewed and cleared; minor signals only (customer carries a HIGH internal risk rating).
TXN_0000845,False,0.99,0.0,0.680161943319838,0.08299595141700405,0.22894736842105262,False,deterministic_below_threshold,False,False,False,,Consistent with the account's normal transaction pattern; no fraud indicators triggered.
TXN_0000937,False,0.99,0.08333333333333333,0.11740890688259109,0.3896761133603239,0.18545883940620783,False,deterministic_below_threshold,False,False,False,CUSTOMER_HIGH_RISK,Reviewed and cleared; minor signals only (customer carries a HIGH internal risk rating).
TXN_0000532,False,0.85,0.3333333333333333,0.8572874493927125,0.861336032388664,0.6489203778677463,True,slm,False,False,False,HIGH_RISK_CATEGORY|CUSTOMER_HIGH_RISK,"The transaction is a purchase from BetKing Online, a high-risk merchant category, and the customer's age and risk rating indicate a high internal risk level."
TXN_0000136,False,0.876,0.25,0.8279352226720648,0.08704453441295547,0.37449392712550605,False,deterministic_below_threshold,False,False,False,NEW_DEVICE|CUSTOMER_HIGH_RISK|POLITICALLY_EXPOSED,Reviewed and cleared; minor signals only (initiated from a device not seen before; customer carries a HIGH internal risk rating).
TXN_0000103,False,0.99,0.08333333333333333,0.3188259109311741,0.011133603238866396,0.13232118758434547,False,deterministic_below_threshold,False,False,False,NEW_DEVICE,Reviewed and cleared; minor signals only (initiated from a device not seen before).
TXN_0000858,False,0.789,0.0,0.6265182186234818,0.909919028340081,0.4609311740890688,False,deterministic_below_threshold,False,False,False,,Consistent with the account's normal transaction pattern; no fraud indicators triggered.
TXN_0000985,True,0.8,0.16666666666666666,0.944331983805668,0.7975708502024291,0.5892375168690958,True,slm,False,False,False,NEW_DEVICE|KYC_NOT_VERIFIED,"The transaction data indicates that the transaction was initiated from an unknown device, which is a suspicious factor. Additionally, the customer's KYC status is pending, which may indicate a higher risk of fraudulent activity."
TXN_0000871,False,0.99,0.08333333333333333,0.5091093117408907,0.17510121457489877,0.23859649122807017,False,deterministic_below_threshold,False,False,False,NEW_DEVICE,Reviewed and cleared; minor signals only (initiated from a device not seen before).
TXN_0000895,False,0.99,0.0,0.06174089068825911,0.03340080971659919,0.02854251012145749,False,deterministic_below_threshold,False,False,False,,Consistent with the account's normal transaction pattern; no fraud indicators triggered.
TXN_0000353,True,0.9,0.75,0.951417004048583,0.7591093117408907,0.8131578947368421,True,slm,False,False,False,FOREIGN_MERCHANT|VELOCITY_24H|RAPID_SUCCESSION|NIGHT_HOURS|NEW_DEVICE,"The transaction from Netflix, a foreign merchant in the customer's home country, with a high number of transactions in the preceding 24h, and a short time gap between transactions, raises suspicions."
TXN_0000418,False,0.99,0.08333333333333333,0.04757085020242915,0.09817813765182186,0.07705802968960863,False,deterministic_below_threshold,False,False,False,CUSTOMER_HIGH_RISK,Reviewed and cleared; minor signals only (customer carries a HIGH internal risk rating).
TXN_0000837,False,0.726,0.3333333333333333,0.5587044534412956,0.7439271255060729,0.5241228070175439,False,deterministic_below_threshold,False,False,False,NIGHT_HOURS|NEW_DEVICE|CUSTOMER_HIGH_RISK|KYC_NOT_VERIFIED,"Reviewed and cleared; minor signals only (occurred at 00:00, outside normal activity hours; initiated from a device not seen before)."
TXN_0000007,False,0.957,0.0,0.5840080971659919,0.3917004048582996,0.2927125506072874,False,deterministic_below_threshold,False,False,False,,Consistent with the account's normal transaction pattern; no fraud indicators triggered.
TXN_0000713,False,0.99,0.0,0.1659919028340081,0.32186234817813764,0.14635627530364373,False,deterministic_below_threshold,False,False,False,,Consistent with the account's normal transaction pattern; no fraud indicators triggered.
TXN_0000759,False,0.99,0.16666666666666666,0.22874493927125505,0.02125506072874494,0.14166666666666666,False,deterministic_below_threshold,False,False,False,CUSTOMER_HIGH_RISK|POLITICALLY_EXPOSED,Reviewed and cleared; minor signals only (customer carries a HIGH internal risk rating; customer is politically exposed).
TXN_0000839,False,0.99,0.25,0.11639676113360324,0.3188259109311741,0.23056680161943316,False,deterministic_below_threshold,False,False,False,NO_AUTH_HIGH_VALUE,"Reviewed and cleared; minor signals only (no authentication on a 13,503 INR transaction)."
TXN_0000829,False,0.99,0.0,0.3350202429149798,0.3684210526315789,0.21103238866396762,False,deterministic_below_threshold,False,False,False,,Consistent with the account's normal transaction pattern; no fraud indicators triggered.
TXN_0000258,False,0.739,0.08333333333333333,0.791497975708502,0.8016194331983806,0.5112685560053981,False,deterministic_below_threshold,False,False,False,NIGHT_HOURS,"Reviewed and cleared; minor signals only (occurred at 04:00, outside normal activity hours)."
TXN_0000437,True,0.9,0.3333333333333333,0.9402834008097166,0.9038461538461539,0.6865721997300944,True,slm,False,False,False,FOREIGN_MERCHANT|NEW_DEVICE,"The transaction is from a Luxury Goods Direct merchant in Nigeria, which is outside the customer's home country, and the device type is MACOS, an unusual device type."
TXN_0000003,False,0.888,0.08333333333333333,0.7267206477732794,0.3674089068825911,0.36157219973009447,False,deterministic_below_threshold,False,False,False,CUSTOMER_HIGH_RISK,Reviewed and cleared; minor signals only (customer carries a HIGH internal risk rating).
TXN_0000820,False,0.99,0.08333333333333333,0.08097165991902834,0.6214574898785425,0.2440620782726046,False,deterministic_below_threshold,False,False,False,NEW_DEVICE,Reviewed and cleared; minor signals only (initiated from a device not seen before).
TXN_0000821,True,0.8,0.5833333333333334,0.7975708502024291,0.9493927125506073,0.7574224021592442,True,slm,False,False,False,FOREIGN_MERCHANT|IMPOSSIBLE_TRAVEL|NEW_DEVICE,"The transaction from Indian Oil Petrol, a foreign merchant in Nigeria, to the customer's home city, despite the card being physically present 10,309 km from home, meets the criteria for a potential bank fraud."
TXN_0000269,False,0.707,0.16666666666666666,0.9534412955465587,0.6346153846153846,0.5430836707152495,False,deterministic_below_threshold,False,False,False,NIGHT_HOURS|KYC_NOT_VERIFIED,"Reviewed and cleared; minor signals only (occurred at 04:00, outside normal activity hours; customer KYC status is EXPIRED)."
TXN_0000455,False,0.99,0.16666666666666666,0.29453441295546556,0.1346153846153846,0.1954116059379217,False,deterministic_below_threshold,False,False,False,NEW_DEVICE|CUSTOMER_HIGH_RISK,Reviewed and cleared; minor signals only (initiated from a device not seen before; customer carries a HIGH internal risk rating).
TXN_0000665,False,0.972,0.16666666666666666,0.14777327935222673,0.555668016194332,0.27769905533063427,False,deterministic_below_threshold,False,False,False,VELOCITY_24H,Reviewed and cleared; minor signals only (3 transactions in the preceding 24h).
TXN_0000736,False,0.99,0.0,0.00708502024291498,0.0728744939271255,0.023987854251012145,False,deterministic_below_threshold,False,False,False,,Consistent with the account's normal transaction pattern; no fraud indicators triggered.
TXN_0000099,False,0.681,0.16666666666666666,0.8380566801619433,0.8350202429149798,0.5685897435897436,False,deterministic_below_threshold,False,False,False,NEW_DEVICE|KYC_NOT_VERIFIED,Reviewed and cleared; minor signals only (initiated from a device not seen before; customer KYC status is REJECTED).
TXN_0000603,False,0.99,0.0,0.201417004048583,0.1882591093117409,0.11690283400809717,False,deterministic_below_threshold,False,False,False,,Consistent with the account's normal transaction pattern; no fraud indicators triggered.
TXN_0000619,False,0.836,0.16666666666666666,0.7004048582995951,0.458502024291498,0.4143387314439946,False,deterministic_below_threshold,False,False,False,NIGHT_HOURS|NEW_DEVICE,"Reviewed and cleared; minor signals only (occurred at 02:00, outside normal activity hours; initiated from a device not seen before)."
TXN_0000680,False,0.99,0.08333333333333333,0.4706477732793522,0.2611336032388664,0.25286774628879893,False,deterministic_below_threshold,False,False,False,NEW_DEVICE,Reviewed and cleared; minor signals only (initiated from a device not seen before).
TXN_0000205,False,0.78,0.25,0.4271255060728745,0.805668016194332,0.469838056680162,False,deterministic_below_threshold,False,False,False,IMPOSSIBLE_TRAVEL,Reviewed and cleared; minor signals only (card physically present 902 km from home).
TXN_0000546,True,0.9,0.75,0.7884615384615384,0.7034412955465587,0.7475708502024292,True,slm,False,False,False,FOREIGN_MERCHANT|IMPOSSIBLE_TRAVEL|VELOCITY_24H|NIGHT_HOURS,"The transaction is an unauthorized purchase by a card physically present 8,820 km from the customer's home country, occurring outside normal activity hours, and with 3 transactions in the preceding 24h, indicating a high likelihood of fraud."
TXN_0000390,True,0.83,0.4166666666666667,0.8259109311740891,0.9089068825910931,0.6871120107962213,True,slm,False,False,False,HIGH_RISK_CATEGORY|CUSTOMER_HIGH_RISK|KYC_NOT_VERIFIED,The customer's high risk rating for gambling and pending KYC status indicates a high likelihood of fraudulent activity.
TXN_0000114,False,0.872,0.16666666666666666,0.5030364372469636,0.5334008097165992,0.37759784075573555,False,deterministic_below_threshold,False,False,False,NIGHT_HOURS|NEW_DEVICE,"Reviewed and cleared; minor signals only (occurred at 03:00, outside normal activity hours; initiated from a device not seen before)."
TXN_0000204,True,0.95,0.5,0.8734817813765182,0.9665991902834008,0.7520242914979757,True,slm,False,False,False,HIGH_RISK_CATEGORY|AMOUNT_RATIO_EXTREME,"The transaction is a high-risk purchase from a merchant in the gaming category, with an amount 57 times the account average."
TXN_0000340,False,0.825,0.16666666666666666,0.6022267206477733,0.5910931174089069,0.4246626180836707,False,deterministic_below_threshold,False,False,False,NEW_DEVICE|KYC_NOT_VERIFIED,Reviewed and cleared; minor signals only (initiated from a device not seen before; customer KYC status is EXPIRED).
TXN_0000040,False,0.9,0.5833333333333334,0.7682186234817814,0.9817813765182186,0.7583333333333333,True,slm,True,False,True,AMOUNT_RATIO_EXTREME|IMPOSSIBLE_TRAVEL|NEW_DEVICE,"The transaction is a withdrawal of ₹8,467.72 from an account with an average balance of ₹14,044.95, indicating a significant withdrawal compared to the account balance. The transaction is also initiated from a device 818 km away, which is a considerable distance from home, suggesting the card is being used outside of its usual location."
TXN_0000685,False,0.937,0.08333333333333333,0.7651821862348178,0.1680161943319838,0.3132928475033738,False,deterministic_below_threshold,False,False,False,NIGHT_HOURS,"Reviewed and cleared; minor signals only (occurred at 00:00, outside normal activity hours)."
TXN_0000186,False,0.99,0.08333333333333333,0.1346153846153846,0.39271255060728744,0.19153171390013493,False,deterministic_below_threshold,False,False,False,NEW_DEVICE,Reviewed and cleared; minor signals only (initiated from a device not seen before).
TXN_0000901,False,0.814,0.16666666666666666,0.5536437246963563,0.6771255060728745,0.43589743589743585,False,deterministic_below_threshold,False,False,False,NEW_DEVICE|BALANCE_NEGATIVE,Reviewed and cleared; minor signals only (initiated from a device not seen before; drove the account balance negative).
TXN_0000462,True,0.9,0.75,0.9878542510121457,0.840080971659919,0.8483805668016194,True,slm,True,False,False,FOREIGN_MERCHANT|HIGH_RISK_CATEGORY|VELOCITY_24H|BALANCE_NEGATIVE,"The transaction is a high-risk MONEY_TRANSFER from a foreign merchant (QuickCash Wire Ltd) to the customer's home country (RO), with a significant negative impact on the account balance."
TXN_0000752,False,0.887,0.08333333333333333,0.6052631578947368,0.4949392712550607,0.3633940620782726,False,deterministic_below_threshold,False,False,False,BALANCE_NEGATIVE,Reviewed and cleared; minor signals only (drove the account balance negative).
TXN_0000755,False,0.803,0.5,0.4898785425101215,0.33299595141700405,0.44686234817813764,False,deterministic_below_threshold,False,False,False,FOREIGN_MERCHANT|IMPOSSIBLE_TRAVEL,"Reviewed and cleared; minor signals only (merchant is in GB, outside the customer's home country; card physically present 2,816 km from home)."
TXN_0000946,False,0.99,0.08333333333333333,0.1680161943319838,0.28036437246963564,0.16784750337381915,False,deterministic_below_threshold,False,False,False,KYC_NOT_VERIFIED,Reviewed and cleared; minor signals only (customer KYC status is PENDING).
TXN_0000382,False,0.99,0.08333333333333333,0.11133603238866396,0.0010121457489878543,0.06703778677462888,False,deterministic_below_threshold,False,False,False,NEW_DEVICE,Reviewed and cleared; minor signals only (initiated from a device not seen before).
TXN_0000700,False,0.692,0.16666666666666666,0.7611336032388664,0.8775303643724697,0.5582658569500675,False,deterministic_below_threshold,False,False,False,BALANCE_NEGATIVE|CUSTOMER_HIGH_RISK,Reviewed and cleared; minor signals only (drove the account balance negative; customer carries a HIGH internal risk rating).
TXN_0000953,False,0.922,0.08333333333333333,0.21153846153846154,0.7692307692307693,0.32756410256410257,False,deterministic_below_threshold,False,False,False,NIGHT_HOURS,"Reviewed and cleared; minor signals only (occurred at 02:00, outside normal activity hours)."
TXN_0000439,False,0.946,0.16666666666666666,0.4676113360323887,0.3248987854251012,0.30441970310391364,False,deterministic_below_threshold,False,False,False,NEW_DEVICE|CUSTOMER_HIGH_RISK,Reviewed and cleared; minor signals only (initiated from a device not seen before; customer carries a HIGH internal risk rating).
TXN_0000908,True,0.9,0.08333333333333333,0.9048582995951417,0.8977732793522267,0.5741228070175439,True,slm,False,False,False,NIGHT_HOURS,"The transaction occurred at 04:00, outside normal activity hours, and the Device type is IOS, which is a suspicious characteristic."
TXN_0000254,False,0.696,0.16666666666666666,0.7560728744939271,0.8694331983805668,0.5543184885290149,False,deterministic_below_threshold,False,False,False,NEW_DEVICE|CUSTOMER_HIGH_RISK,Reviewed and cleared; minor signals only (initiated from a device not seen before; customer carries a HIGH internal risk rating).
TXN_0000367,False,0.681,0.4166666666666667,0.7742914979757085,0.5678137651821862,0.5692982456140351,False,deterministic_below_threshold,False,False,False,IMPOSSIBLE_TRAVEL|NIGHT_HOURS|CUSTOMER_HIGH_RISK,"Reviewed and cleared; minor signals only (card physically present 864 km from home; occurred at 03:00, outside normal activity hours)."
TXN_0000076,False,0.99,0.08333333333333333,0.08502024291497975,0.10526315789473684,0.0904183535762483,False,deterministic_below_threshold,False,False,False,NEW_DEVICE,Reviewed and cleared; minor signals only (initiated from a device not seen before).
TXN_0000349,False,0.715,0.25,0.6862348178137652,0.7641700404858299,0.5351214574898785,False,deterministic_below_threshold,False,False,False,RAPID_SUCCESSION|NIGHT_HOURS,"Reviewed and cleared; minor signals only (only 3.0 minutes since the previous transaction; occurred at 04:00, outside normal activity hours)."
TXN_0000239,False,0.915,0.16666666666666666,0.8188259109311741,0.07489878542510121,0.3347840755735492,False,deterministic_below_threshold,False,False,False,CUSTOMER_HIGH_RISK|KYC_NOT_VERIFIED,Reviewed and cleared; minor signals only (customer carries a HIGH internal risk rating; customer KYC status is EXPIRED).
TXN_0000317,False,0.68,0.16666666666666666,0.9504048582995951,0.7257085020242915,0.5695006747638326,False,deterministic_below_threshold,False,False,False,NIGHT_HOURS|KYC_NOT_VERIFIED,"Reviewed and cleared; minor signals only (occurred at 00:00, outside normal activity hours; customer KYC status is PENDING)."
TXN_0000192,False,0.857,0.16666666666666666,0.31275303643724695,0.7742914979757085,0.39278002699055325,False,deterministic_below_threshold,False,False,False,VELOCITY_24H,Reviewed and cleared; minor signals only (3 transactions in the preceding 24h).
TXN_0000963,False,0.99,0.0,0.0465587044534413,0.17307692307692307,0.0658906882591093,False,deterministic_below_threshold,False,False,False,,Consistent with the account's normal transaction pattern; no fraud indicators triggered.
TXN_0000270,False,0.681,0.3333333333333333,0.9645748987854251,0.4888663967611336,0.569365721997301,False,deterministic_below_threshold,False,False,False,AMOUNT_RATIO_HIGH|NIGHT_HOURS|KYC_NOT_VERIFIED,"Reviewed and cleared; minor signals only (amount is 21.7x the account average; occurred at 05:00, outside normal activity hours)."
TXN_0000243,True,0.9,0.25,0.8593117408906883,0.7155870445344129,0.5724696356275304,True,slm,False,False,False,NIGHT_HOURS|NEW_DEVICE|KYC_NOT_VERIFIED,"The transaction occurred at 04:00, outside normal activity hours, and initiated from a device not seen before, indicating suspicious activity."
TXN_0000872,True,0.9,0.4166666666666667,0.7176113360323887,0.9281376518218624,0.660391363022942,True,slm,False,False,False,HIGH_RISK_CATEGORY|CUSTOMER_HIGH_RISK|POLITICALLY_EXPOSED,"The transaction is a purchase from BetKing Online, a high-risk merchant category, and the customer's age and risk rating indicate a high internal risk, making this a suspicious transaction."
TXN_0000602,False,0.777,0.16666666666666666,0.6336032388663968,0.72165991902834,0.4732456140350877,False,deterministic_below_threshold,False,False,False,CUSTOMER_HIGH_RISK|KYC_NOT_VERIFIED,Reviewed and cleared; minor signals only (customer carries a HIGH internal risk rating; customer KYC status is PENDING).
TXN_0000401,False,0.769,0.08333333333333333,0.8451417004048583,0.6477732793522267,0.4812078272604588,False,deterministic_below_threshold,False,False,False,NIGHT_HOURS,"Reviewed and cleared; minor signals only (occurred at 01:00, outside normal activity hours)."
TXN_0000750,False,0.894,0.08333333333333333,0.39473684210526316,0.680161943319838,0.3558029689608637,False,deterministic_below_threshold,False,False,False,BALANCE_NEGATIVE,Reviewed and cleared; minor signals only (drove the account balance negative).
TXN_0000387,True,0.9,0.6666666666666666,0.958502024291498,0.8512145748987854,0.8095816464237516,True,slm,True,False,False,FOREIGN_MERCHANT|HIGH_RISK_CATEGORY|CUSTOMER_HIGH_RISK|KYC_NOT_VERIFIED,"The transaction is a reversed transfer from QuickCash Wire Ltd to the account holder's home country, Dubai, with a high-risk merchant category and a high internal risk rating, indicating a potential security threat."
TXN_0000417,False,0.99,0.08333333333333333,0.11437246963562753,0.3259109311740891,0.16541835357624832,False,deterministic_below_threshold,False,False,False,NEW_DEVICE,Reviewed and cleared; minor signals only (initiated from a device not seen before).
TXN_0000543,False,0.809,0.0,0.6639676113360324,0.805668016194332,0.4408906882591093,False,deterministic_below_threshold,False,False,False,,Consistent with the account's normal transaction pattern; no fraud indicators triggered.
TXN_0000655,False,0.99,0.0,0.03137651821862348,0.02327935222672065,0.01639676113360324,False,deterministic_below_threshold,False,False,False,,Consistent with the account's normal transaction pattern; no fraud indicators triggered.
TXN_0000979,False,0.99,0.0,0.3825910931174089,0.3684210526315789,0.22530364372469636,False,deterministic_below_threshold,False,False,False,,Consistent with the account's normal transaction pattern; no fraud indicators triggered.
TXN_0000931,False,0.963,0.16666666666666666,0.5961538461538461,0.13765182186234817,0.28680836707152496,False,deterministic_below_threshold,False,False,False,CUSTOMER_HIGH_RISK|POLITICALLY_EXPOSED,Reviewed and cleared; minor signals only (customer carries a HIGH internal risk rating; customer is politically exposed).
TXN_0000842,False,0.864,0.16666666666666666,0.978744939271255,0.08704453441295547,0.38640350877192975,False,deterministic_below_threshold,False,False,False,ORPHAN_ACCOUNT,Reviewed and cleared; minor signals only (references an account that does not exist in the account master).
TXN_0000579,False,0.979,0.0,0.17408906882591094,0.7277327935222672,0.27054655870445343,False,deterministic_below_threshold,False,False,False,,Consistent with the account's normal transaction pattern; no fraud indicators triggered.
TXN_0000233,False,0.884,0.08333333333333333,0.42105263157894735,0.6862348178137652,0.36551956815114706,False,deterministic_below_threshold,False,False,False,NEW_DEVICE,Reviewed and cleared; minor signals only (initiated from a device not seen before).
TXN_0000202,False,0.925,0.08333333333333333,0.49696356275303644,0.4757085020242915,0.3251349527665317,False,deterministic_below_threshold,False,False,False,KYC_NOT_VERIFIED,Reviewed and cleared; minor signals only (customer KYC status is EXPIRED).
TXN_0000545,False,0.99,0.0,0.36639676113360325,0.22672064777327935,0.1779352226720648,False,deterministic_below_threshold,False,False,False,,Consistent with the account's normal transaction pattern; no fraud indicators triggered.
TXN_0000177,False,0.918,0.08333333333333333,0.5657894736842105,0.4311740890688259,0.33242240215924423,False,deterministic_below_threshold,False,False,False,NEW_DEVICE,Reviewed and cleared; minor signals only (initiated from a device not seen before).
TXN_0000373,True,0.9,0.5,0.7641700404858299,0.9554655870445344,0.7158906882591094,True,slm,False,False,False,HIGH_RISK_CATEGORY|VELOCITY_24H|NIGHT_HOURS,"The transaction is a high-risk purchase from a merchant in a low-risk category, occurring outside normal activity hours, and has occurred in the preceding 24 hours, indicating a potential anomaly."
TXN_0000889,False,0.99,0.25,0.2631578947368421,0.1791497975708502,0.2326923076923077,False,deterministic_below_threshold,False,False,False,NEW_DEVICE|CUSTOMER_HIGH_RISK|KYC_NOT_VERIFIED,Reviewed and cleared; minor signals only (initiated from a device not seen before; customer carries a HIGH internal risk rating).
TXN_0000279,False,0.981,0.3333333333333333,0.2408906882591093,0.2125506072874494,0.26936572199730097,False,deterministic_below_threshold,False,False,False,NO_AUTH_HIGH_VALUE|NEW_DEVICE,"Reviewed and cleared; minor signals only (no authentication on a 19,836 INR transaction; initiated from a device not seen before)."
TXN_0000182,False,0.756,0.08333333333333333,0.9190283400809717,0.6153846153846154,0.49365721997300943,False,deterministic_below_threshold,False,False,False,NEW_DEVICE,Reviewed and cleared; minor signals only (initiated from a device not seen before).
TXN_0000064,False,0.861,0.16666666666666666,0.597165991902834,0.4757085020242915,0.3885290148448043,False,deterministic_below_threshold,False,False,False,NIGHT_HOURS|NEW_DEVICE,"Reviewed and cleared; minor signals only (occurred at 02:00, outside normal activity hours; initiated from a device not seen before)."
TXN_0000707,False,0.983,0.0,0.6821862348178138,0.20850202429149797,0.26720647773279355,False,deterministic_below_threshold,False,False,False,,Consistent with the account's normal transaction pattern; no fraud indicators triggered.
TXN_0000501,False,0.799,0.0,0.5769230769230769,0.9261133603238867,0.4509109311740891,False,deterministic_below_threshold,False,False,False,,Consistent with the account's normal transaction pattern; no fraud indicators triggered.
TXN_0000060,False,0.791,0.0,0.5870445344129555,0.9433198380566802,0.4591093117408907,False,deterministic_below_threshold,False,False,False,,Consistent with the account's normal transaction pattern; no fraud indicators triggered.
TXN_0000830,False,0.715,0.16666666666666666,0.6771255060728745,0.8856275303643725,0.5354925775978407,False,deterministic_below_threshold,False,False,False,AMOUNT_RATIO_HIGH,Reviewed and cleared; minor signals only (amount is 23.2x the account average).
TXN_0000324,True,0.85,0.5,0.7348178137651822,0.7682186234817814,0.650910931174089,True,slm,False,False,False,FOREIGN_MERCHANT|VELOCITY_24H|BALANCE_NEGATIVE,"The transaction from Croma Electronics in London, with a negative account balance and a high number of transactions in the preceding 24 hours, warrants a suspicion of fraudulent activity."
TXN_0000310,False,0.99,0.16666666666666666,0.12449392712550607,0.22773279352226722,0.17233468286099865,False,deterministic_below_threshold,False,False,False,NEW_DEVICE|CUSTOMER_HIGH_RISK,Reviewed and cleared; minor signals only (initiated from a device not seen before; customer carries a HIGH internal risk rating).
TXN_0000069,False,0.717,0.16666666666666666,0.9696356275303644,0.5860323886639676,0.5333670715249662,False,deterministic_below_threshold,False,False,False,NEW_DEVICE|KYC_NOT_VERIFIED,Reviewed and cleared; minor signals only (initiated from a device not seen before; customer KYC status is EXPIRED).
TXN_0000670,False,0.802,0.0,0.5576923076923077,0.9342105263157895,0.44757085020242915,False,deterministic_below_threshold,False,False,False,,Consistent with the account's normal transaction pattern; no fraud indicators triggered.
TXN_0000723,True,0.9,0.3333333333333333,0.6103238866396761,0.9251012145748988,0.5939608636977058,True,slm,False,False,False,HIGH_RISK_CATEGORY|NEW_DEVICE,"The transaction is a purchase from GiftCardHub Online, a high-risk merchant category, initiated from an Android device not seen before, and has a high anomaly model score."
TXN_0000304,False,0.72,0.16666666666666666,0.77834008097166,0.7661943319838057,0.5300269905533064,False,deterministic_below_threshold,False,False,False,CUSTOMER_HIGH_RISK|KYC_NOT_VERIFIED,Reviewed and cleared; minor signals only (customer carries a HIGH internal risk rating; customer KYC status is EXPIRED).
TXN_0000246,False,0.78,0.25,0.5404858299595142,0.6912955465587044,0.4695344129554656,False,deterministic_below_threshold,False,False,False,IMPOSSIBLE_TRAVEL,"Reviewed and cleared; minor signals only (card physically present 1,084 km from home)."
TXN_0000010,False,0.678,0.3333333333333333,0.618421052631579,0.8451417004048583,0.5724021592442645,False,deterministic_below_threshold,False,False,False,HIGH_RISK_CATEGORY|NEW_DEVICE,Reviewed and cleared; minor signals only (high-risk merchant category GIFT_CARD; initiated from a device not seen before).
TXN_0000122,False,0.99,0.0,0.020242914979757085,0.04251012145748988,0.01882591093117409,False,deterministic_below_threshold,False,False,False,,Consistent with the account's normal transaction pattern; no fraud indicators triggered.
TXN_0000576,False,0.813,0.08333333333333333,0.667004048582996,0.6781376518218624,0.4368758434547908,False,deterministic_below_threshold,False,False,False,NEW_DEVICE,Reviewed and cleared; minor signals only (initiated from a device not seen before).
TXN_0000947,False,0.927,0.08333333333333333,0.5323886639676113,0.4331983805668016,0.32300944669365717,False,deterministic_below_threshold,False,False,False,NEW_DEVICE,Reviewed and cleared; minor signals only (initiated from a device not seen before).
TXN_0000222,False,0.834,0.16666666666666666,0.8552631578947368,0.3107287449392713,0.41646423751686906,False,deterministic_below_threshold,False,False,False,CUSTOMER_HIGH_RISK|POLITICALLY_EXPOSED,Reviewed and cleared; minor signals only (customer carries a HIGH internal risk rating; customer is politically exposed).
TXN_0000161,False,0.99,0.0,0.16497975708502025,0.45040485829959515,0.1846153846153846,False,deterministic_below_threshold,False,False,False,,Consistent with the account's normal transaction pattern; no fraud indicators triggered.
TXN_0000926,False,0.99,0.0,0.3937246963562753,0.4473684210526316,0.25232793522267205,False,deterministic_below_threshold,False,False,False,,Consistent with the account's normal transaction pattern; no fraud indicators triggered.
TXN_0000383,False,0.99,0.08333333333333333,0.14068825910931174,0.11032388663967611,0.10863697705802969,False,deterministic_below_threshold,False,False,False,NEW_DEVICE,Reviewed and cleared; minor signals only (initiated from a device not seen before).
TXN_0000793,True,0.9,0.6666666666666666,0.8582995951417004,0.8491902834008097,0.7789136302294197,True,slm,False,False,False,FOREIGN_MERCHANT|IMPOSSIBLE_TRAVEL|VELOCITY_24H,"The transaction from Local Kirana Store in Dubai, a foreign merchant, is flagged due to the significant distance from home (3,856 km) and the card being physically present 3,856 km from the customer's location, indicating a potential for fraud."
TXN_0000559,False,0.798,0.16666666666666666,0.30870445344129555,0.9757085020242915,0.4519905533063428,False,deterministic_below_threshold,False,False,False,AMOUNT_RATIO_HIGH,Reviewed and cleared; minor signals only (amount is 26.7x the account average).
TXN_0000786,False,0.966,0.16666666666666666,0.5566801619433198,0.16902834008097167,0.2843792172739541,False,deterministic_below_threshold,False,False,False,NIGHT_HOURS|CUSTOMER_HIGH_RISK,"Reviewed and cleared; minor signals only (occurred at 04:00, outside normal activity hours; customer carries a HIGH internal risk rating)."
TXN_0000560,False,0.99,0.0,0.04959514170040486,0.41700404858299595,0.13997975708502025,False,deterministic_below_threshold,False,False,False,,Consistent with the account's normal transaction pattern; no fraud indicators triggered.
TXN_0000934,False,0.768,0.08333333333333333,0.6082995951417004,0.8866396761133604,0.4818151147098515,False,deterministic_below_threshold,False,False,False,NIGHT_HOURS,"Reviewed and cleared; minor signals only (occurred at 00:00, outside normal activity hours)."
TXN_0000137,False,0.935,0.08333333333333333,0.4048582995951417,0.5344129554655871,0.315114709851552,False,deterministic_below_threshold,False,False,False,NEW_DEVICE,Reviewed and cleared; minor signals only (initiated from a device not seen before).
TXN_0000051,False,0.745,0.08333333333333333,0.6427125506072875,0.930161943319838,0.505195681511471,False,deterministic_below_threshold,False,False,False,CUSTOMER_HIGH_RISK,Reviewed and cleared; minor signals only (customer carries a HIGH internal risk rating).
TXN_0000453,False,0.99,0.25,0.291497975708502,0.04251012145748988,0.20020242914979758,False,deterministic_below_threshold,False,False,False,NEW_DEVICE|CUSTOMER_HIGH_RISK|KYC_NOT_VERIFIED,Reviewed and cleared; minor signals only (initiated from a device not seen before; customer carries a HIGH internal risk rating).
TXN_0000375,False,0.99,0.08333333333333333,0.06578947368421052,0.15182186234817813,0.09861673414304992,False,deterministic_below_threshold,False,False,False,NEW_DEVICE,Reviewed and cleared; minor signals only (initiated from a device not seen before).
TXN_0000138,False,0.846,0.16666666666666666,0.6740890688259109,0.4493927125506073,0.4037112010796221,False,deterministic_below_threshold,False,False,False,NIGHT_HOURS|NEW_DEVICE,"Reviewed and cleared; minor signals only (occurred at 01:00, outside normal activity hours; initiated from a device not seen before)."
TXN_0000971,False,0.99,0.0,0.13765182186234817,0.6093117408906883,0.22408906882591095,False,deterministic_below_threshold,False,False,False,,Consistent with the account's normal transaction pattern; no fraud indicators triggered.
TXN_0000167,False,0.99,0.3333333333333333,0.07692307692307693,0.2722672064777328,0.23809041835357625,False,deterministic_below_threshold,False,False,False,AMOUNT_RATIO_HIGH|NIGHT_HOURS|NEW_DEVICE,"Reviewed and cleared; minor signals only (amount is 28.4x the account average; occurred at 00:00, outside normal activity hours)."
TXN_0000196,False,0.879,0.25,0.8491902834008097,0.05465587044534413,0.37115384615384617,False,deterministic_below_threshold,False,False,False,NEW_DEVICE|CUSTOMER_HIGH_RISK|POLITICALLY_EXPOSED,Reviewed and cleared; minor signals only (initiated from a device not seen before; customer carries a HIGH internal risk rating).
TXN_0000794,True,0.85,0.5833333333333334,0.5546558704453441,0.840080971659919,0.6517543859649123,True,slm,False,False,False,NO_AUTH_HIGH_VALUE|IMPOSSIBLE_TRAVEL|BALANCE_NEGATIVE,"The transaction data contains a suspicious 'Amount (INR): 41,677.41' field, which appears to be a command. The device type 'POS_TERMINAL' and the merchant category 'JEWELLERY' also raise red flags. Furthermore, the card is physically present 531 km from home, which is a significant deviation from the average distance of 530.60 km. The negative account balance further supports the suspicion."
TXN_0000653,False,0.99,0.0,0.05060728744939271,0.17408906882591094,0.06740890688259109,False,deterministic_below_threshold,False,False,False,,Consistent with the account's normal transaction pattern; no fraud indicators triggered.
TXN_0000179,True,0.9,0.8333333333333334,0.9321862348178138,0.8208502024291497,0.8592442645074224,True,slm,False,False,False,FOREIGN_MERCHANT|IMPOSSIBLE_TRAVEL|NIGHT_HOURS|NEW_DEVICE|CUSTOMER_HIGH_RISK|KYC_NOT_VERIFIED,"The transaction is suspicious due to the merchant's location in a foreign country, the card's physical presence from a significant distance, and the customer's high internal risk rating."
TXN_0000395,False,0.882,0.16666666666666666,0.8036437246963563,0.20040485829959515,0.3678812415654521,False,deterministic_below_threshold,False,False,False,CUSTOMER_HIGH_RISK|POLITICALLY_EXPOSED,Reviewed and cleared; minor signals only (customer carries a HIGH internal risk rating; customer is politically exposed).
TXN_0000879,False,0.842,0.3333333333333333,0.25101214574898784,0.6659919028340081,0.4084345479082321,False,deterministic_below_threshold,False,False,False,VELOCITY_24H|NEW_DEVICE|CUSTOMER_HIGH_RISK,Reviewed and cleared; minor signals only (3 transactions in the preceding 24h; initiated from a device not seen before).
TXN_0000791,False,0.917,0.08333333333333333,0.6578947368421053,0.3410931174089069,0.333029689608637,False,deterministic_below_threshold,False,False,False,NEW_DEVICE,Reviewed and cleared; minor signals only (initiated from a device not seen before).
TXN_0000111,False,0.847,0.25,0.6012145748987854,0.409919028340081,0.4033400809716599,False,deterministic_below_threshold,False,False,False,AMOUNT_RATIO_HIGH|NEW_DEVICE,Reviewed and cleared; minor signals only (amount is 24.5x the account average; initiated from a device not seen before).
TXN_0000212,False,0.99,0.08333333333333333,0.06882591093117409,0.2783400809716599,0.13748313090418351,False,deterministic_below_threshold,False,False,False,NEW_DEVICE,Reviewed and cleared; minor signals only (initiated from a device not seen before).
TXN_0000980,False,0.938,0.08333333333333333,0.458502024291498,0.46963562753036436,0.31177462887989205,False,deterministic_below_threshold,False,False,False,BALANCE_NEGATIVE,Reviewed and cleared; minor signals only (drove the account balance negative).
TXN_0000669,True,0.64,0.4166666666666667,0.604251012145749,0.9827935222672065,0.6427800269905533,True,slm,False,False,False,HIGH_RISK_CATEGORY|VELOCITY_24H,"The transaction is a high-risk purchase from a merchant in the CRYPTO category, with only 3 transactions in the preceding 24h, indicating a potential anomaly."
TXN_0000047,False,0.912,0.08333333333333333,0.4008097165991903,0.6133603238866396,0.33758434547908234,False,deterministic_below_threshold,False,False,False,NEW_DEVICE,Reviewed and cleared; minor signals only (initiated from a device not seen before).
TXN_0000346,False,0.914,0.08333333333333333,0.3876518218623482,0.6224696356275303,0.3363697705802969,False,deterministic_below_threshold,False,False,False,BALANCE_NEGATIVE,Reviewed and cleared; minor signals only (drove the account balance negative).
TXN_0000958,False,0.99,0.08333333333333333,0.048582995951417005,0.26417004048583,0.12715924426450742,False,deterministic_below_threshold,False,False,False,BALANCE_NEGATIVE,Reviewed and cleared; minor signals only (drove the account balance negative).
TXN_0000738,False,0.99,0.16666666666666666,0.09008097165991903,0.5293522267206477,0.2524966261808367,False,deterministic_below_threshold,False,False,False,AMOUNT_RATIO_HIGH,Reviewed and cleared; minor signals only (amount is 18.8x the account average).
TXN_0000679,False,0.777,0.25,0.7327935222672065,0.5121457489878543,0.4734817813765182,False,deterministic_below_threshold,False,False,False,AMOUNT_RATIO_HIGH|NEW_DEVICE,Reviewed and cleared; minor signals only (amount is 30.1x the account average; initiated from a device not seen before).
TXN_0000081,False,0.712,0.16666666666666666,0.8461538461538461,0.7236842105263158,0.5376180836707152,False,deterministic_below_threshold,False,False,False,NEW_DEVICE|KYC_NOT_VERIFIED,Reviewed and cleared; minor signals only (initiated from a device not seen before; customer KYC status is EXPIRED).
TXN_0000697,False,0.901,0.0,0.5182186234817814,0.6437246963562753,0.348582995951417,False,deterministic_below_threshold,False,False,False,,Consistent with the account's normal transaction pattern; no fraud indicators triggered.
TXN_0000296,False,0.749,0.0,0.7095141700404858,0.9595141700404858,0.5007085020242914,False,deterministic_below_threshold,False,False,False,,Consistent with the account's normal transaction pattern; no fraud indicators triggered.
TXN_0000127,False,0.831,0.16666666666666666,0.43016194331983804,0.742914979757085,0.41858974358974355,False,deterministic_below_threshold,False,False,False,NIGHT_HOURS|NEW_DEVICE,"Reviewed and cleared; minor signals only (occurred at 04:00, outside normal activity hours; initiated from a device not seen before)."
TXN_0000650,False,0.99,0.08333333333333333,0.14676113360323886,0.11740890688259109,0.11258434547908233,False,deterministic_below_threshold,False,False,False,NEW_DEVICE,Reviewed and cleared; minor signals only (initiated from a device not seen before).
TXN_0000028,False,0.99,0.16666666666666666,0.4251012145748988,0.12955465587044535,0.23306342780026992,False,deterministic_below_threshold,False,False,False,NEW_DEVICE|KYC_NOT_VERIFIED,Reviewed and cleared; minor signals only (initiated from a device not seen before; customer KYC status is EXPIRED).
TXN_0000500,False,0.973,0.0,0.09716599190283401,0.8248987854251012,0.27661943319838056,False,deterministic_below_threshold,False,False,False,,Consistent with the account's normal transaction pattern; no fraud indicators triggered.
TXN_0000678,False,0.924,0.16666666666666666,0.35728744939271256,0.5080971659919028,0.32628205128205123,False,deterministic_below_threshold,False,False,False,NEW_DEVICE|KYC_NOT_VERIFIED,Reviewed and cleared; minor signals only (initiated from a device not seen before; customer KYC status is PENDING).
TXN_0000217,True,0.85,0.6666666666666666,0.9655870445344129,0.9898785425101214,0.8533063427800269,True,slm,True,False,False,HIGH_RISK_CATEGORY|AMOUNT_RATIO_EXTREME|NIGHT_HOURS|KYC_NOT_VERIFIED,"The transaction is a high-risk purchase from a merchant in the CRYPTO category, with an amount 197x the account average, occurring at an unusual hour, and the customer's KYC status is pending."
TXN_0000476,False,0.834,0.08333333333333333,0.4139676113360324,0.8623481781376519,0.4162280701754386,False,deterministic_below_threshold,False,False,False,NIGHT_HOURS,"Reviewed and cleared; minor signals only (occurred at 01:00, outside normal activity hours)."
TXN_0000308,False,0.943,0.0,0.30364372469635625,0.7186234817813765,0.3066801619433198,False,deterministic_below_threshold,False,False,False,,Consistent with the account's normal transaction pattern; no fraud indicators triggered.
TXN_0000614,False,0.785,0.3333333333333333,0.8714574898785425,0.23380566801619435,0.46491228070175433,False,deterministic_below_threshold,False,False,False,FOREIGN_MERCHANT|NIGHT_HOURS,"Reviewed and cleared; minor signals only (merchant is in GB, outside the customer's home country; occurred at 02:00, outside normal activity hours)."
TXN_0000641,False,0.99,0.0,0.06983805668016195,0.5799595141700404,0.19493927125506072,False,deterministic_below_threshold,False,False,False,,Consistent with the account's normal transaction pattern; no fraud indicators triggered.
TXN_0000352,True,0.9,0.6666666666666666,0.9423076923076923,0.5141700404858299,0.7036099865047234,True,slm,False,False,False,FOREIGN_MERCHANT|VELOCITY_24H|RAPID_SUCCESSION|NIGHT_HOURS,"The transaction is an unauthorized purchase by a customer from outside their home country, with only 1.6 minutes since the previous transaction, and occurred at an unusual hour."
TXN_0000366,False,0.989,0.25,0.09109311740890688,0.444331983805668,0.2606275303643725,False,deterministic_below_threshold,False,False,False,NIGHT_HOURS|NEW_DEVICE|CUSTOMER_HIGH_RISK,"Reviewed and cleared; minor signals only (occurred at 00:00, outside normal activity hours; initiated from a device not seen before)."
TXN_0000447,False,0.945,0.4166666666666667,0.2520242914979757,0.21052631578947367,0.3054318488529015,False,deterministic_below_threshold,False,False,False,NO_AUTH_HIGH_VALUE|CUSTOMER_HIGH_RISK|KYC_NOT_VERIFIED,"Reviewed and cleared; minor signals only (no authentication on a 23,358 INR transaction; customer carries a HIGH internal risk rating)."
TXN_0000877,False,0.934,0.08333333333333333,0.13157894736842105,0.8107287449392713,0.316025641025641,False,deterministic_below_threshold,False,False,False,CUSTOMER_HIGH_RISK,Reviewed and cleared; minor signals only (customer carries a HIGH internal risk rating).
TXN_0000499,False,0.99,0.0,0.12854251012145748,0.01720647773279352,0.043724696356275294,False,deterministic_below_threshold,False,False,False,,Consistent with the account's normal transaction pattern; no fraud indicators triggered.
TXN_0000438,False,0.709,0.3333333333333333,0.7955465587044535,0.562753036437247,0.5408232118758434,False,deterministic_below_threshold,False,False,False,FOREIGN_MERCHANT|NEW_DEVICE,"Reviewed and cleared; minor signals only (merchant is in RU, outside the customer's home country; initiated from a device not seen before)."
TXN_0000565,False,0.99,0.08333333333333333,0.48380566801619435,0.07591093117408906,0.20124831309041835,False,deterministic_below_threshold,False,False,False,CUSTOMER_HIGH_RISK,Reviewed and cleared; minor signals only (customer carries a HIGH internal risk rating).
TXN_0000164,False,0.99,0.08333333333333333,0.451417004048583,0.1417004048582996,0.21126855600539807,False,deterministic_below_threshold,False,False,False,NEW_DEVICE,Reviewed and cleared; minor signals only (initiated from a device not seen before).
TXN_0000443,True,0.9,0.5833333333333334,0.9089068825910931,0.9838056680161943,0.8011470985155196,True,slm,False,False,False,FOREIGN_MERCHANT|VELOCITY_24H|NEW_DEVICE|BALANCE_NEGATIVE,"The transaction from Croma Electronics in Panama City, with a negative amount (-63,866.44) and a high distance from home (10,076.90 km), indicates a potential fraudulent activity."
TXN_0000445,False,0.731,0.25,0.5890688259109311,0.8076923076923077,0.5190283400809717,False,deterministic_below_threshold,False,False,False,IMPOSSIBLE_TRAVEL,"Reviewed and cleared; minor signals only (card physically present 1,218 km from home)."
TXN_0000107,False,0.99,0.08333333333333333,0.4686234817813765,0.058704453441295545,0.19153171390013493,False,deterministic_below_threshold,False,False,False,NEW_DEVICE,Reviewed and cleared; minor signals only (initiated from a device not seen before).
TXN_0000986,False,0.752,0.25,0.4534412955465587,0.8724696356275303,0.4977732793522267,False,deterministic_below_threshold,False,False,False,VELOCITY_24H|BALANCE_NEGATIVE,Reviewed and cleared; minor signals only (3 transactions in the preceding 24h; drove the account balance negative).
TXN_0000503,False,0.716,0.3333333333333333,0.40384615384615385,0.930161943319838,0.533535762483131,False,deterministic_below_threshold,False,False,False,IMPOSSIBLE_TRAVEL|NEW_DEVICE,Reviewed and cleared; minor signals only (card physically present 674 km from home; initiated from a device not seen before).
TXN_0000623,False,0.942,0.3333333333333333,0.25,0.3319838056680162,0.30792847503373816,False,deterministic_below_threshold,False,False,False,AMOUNT_RATIO_HIGH|CUSTOMER_HIGH_RISK|POLITICALLY_EXPOSED,Reviewed and cleared; minor signals only (amount is 19.3x the account average; customer carries a HIGH internal risk rating).
TXN_0000223,False,0.768,0.16666666666666666,0.8562753036437247,0.5273279352226721,0.4817476383265856,False,deterministic_below_threshold,False,False,False,CUSTOMER_HIGH_RISK|POLITICALLY_EXPOSED,Reviewed and cleared; minor signals only (customer carries a HIGH internal risk rating; customer is politically exposed).
TXN_0000701,False,0.99,0.0,0.19534412955465588,0.6012145748987854,0.23896761133603237,False,deterministic_below_threshold,False,False,False,,Consistent with the account's normal transaction pattern; no fraud indicators triggered.
TXN_0000885,False,0.99,0.0,0.13866396761133604,0.201417004048583,0.1020242914979757,False,deterministic_below_threshold,False,False,False,,Consistent with the account's normal transaction pattern; no fraud indicators triggered.
TXN_0000110,False,0.797,0.25,0.43724696356275305,0.7398785425101214,0.45313765182186233,False,deterministic_below_threshold,False,False,False,AMOUNT_RATIO_HIGH|NEW_DEVICE,Reviewed and cleared; minor signals only (amount is 12.5x the account average; initiated from a device not seen before).
TXN_0000702,True,0.9,0.5,0.881578947368421,0.7803643724696356,0.6985829959514169,True,slm,False,False,False,HIGH_RISK_CATEGORY|AMOUNT_RATIO_HIGH|BALANCE_NEGATIVE,"The transaction is a high-risk MONEY_TRANSFER from QuickCash Wire Ltd, a merchant category with a high anomaly score, indicating a significant deviation from the norm. The 19.1x amount vs account average ratio also raises suspicions."
TXN_0000398,False,0.803,0.16666666666666666,0.7692307692307693,0.5,0.4474358974358974,False,deterministic_below_threshold,False,False,False,CUSTOMER_HIGH_RISK|POLITICALLY_EXPOSED,Reviewed and cleared; minor signals only (customer carries a HIGH internal risk rating; customer is politically exposed).
TXN_0000769,False,0.85,0.08333333333333333,0.6831983805668016,0.5404858299595142,0.40043859649122804,False,deterministic_below_threshold,False,False,False,NEW_DEVICE,Reviewed and cleared; minor signals only (initiated from a device not seen before).
TXN_0000800,False,0.99,0.08333333333333333,0.3896761133603239,0.2388663967611336,0.2218960863697706,False,deterministic_below_threshold,False,False,False,KYC_NOT_VERIFIED,Reviewed and cleared; minor signals only (customer KYC status is PENDING).
TXN_0000288,False,0.779,0.08333333333333333,0.6720647773279352,0.7884615384615384,0.4714912280701754,False,deterministic_below_threshold,False,False,False,NEW_DEVICE,Reviewed and cleared; minor signals only (initiated from a device not seen before).
TXN_0000978,False,0.762,0.08333333333333333,0.6123481781376519,0.9018218623481782,0.4875843454790823,False,deterministic_below_threshold,False,False,False,NEW_DEVICE,Reviewed and cleared; minor signals only (initiated from a device not seen before).
TXN_0000534,False,0.99,0.0,0.145748987854251,0.5323886639676113,0.20344129554655868,False,deterministic_below_threshold,False,False,False,,Consistent with the account's normal transaction pattern; no fraud indicators triggered.
TXN_0000105,False,0.99,0.16666666666666666,0.08805668016194332,0.47874493927125505,0.23670715249662616,False,deterministic_below_threshold,False,False,False,NIGHT_HOURS|NEW_DEVICE,"Reviewed and cleared; minor signals only (occurred at 03:00, outside normal activity hours; initiated from a device not seen before)."
TXN_0000754,False,0.749,0.08333333333333333,0.8117408906882592,0.7459514170040485,0.5006410256410256,False,deterministic_below_threshold,False,False,False,BALANCE_NEGATIVE,Reviewed and cleared; minor signals only (drove the account balance negative).
TXN_0000505,False,0.947,0.0,0.4423076923076923,0.5688259109311741,0.3033400809716599,False,deterministic_below_threshold,False,False,False,,Consistent with the account's normal transaction pattern; no fraud indicators triggered.
TXN_0000804,False,0.868,0.16666666666666666,0.6487854251012146,0.4008097165991903,0.38154520917678814,False,deterministic_below_threshold,False,False,False,CUSTOMER_HIGH_RISK|KYC_NOT_VERIFIED,Reviewed and cleared; minor signals only (customer carries a HIGH internal risk rating; customer KYC status is EXPIRED).
TXN_0000054,False,0.846,0.08333333333333333,0.8805668016194332,0.3562753036437247,0.40438596491228074,False,deterministic_below_threshold,False,False,False,NEW_DEVICE,Reviewed and cleared; minor signals only (initiated from a device not seen before).
TXN_0000320,True,0.8,0.4166666666666667,0.8785425101214575,0.8046558704453441,0.6716261808367071,True,slm,False,False,False,FOREIGN_MERCHANT|NEW_DEVICE|BALANCE_NEGATIVE,"The transaction is a failed purchase from Luxury Goods Direct in Manila, Philippines, with a negative account balance, driven by the anomalous model's high score indicating a high likelihood of fraudulent activity."
TXN_0000539,False,0.99,0.08333333333333333,0.3299595141700405,0.025303643724696356,0.13991228070175438,False,deterministic_below_threshold,False,False,False,NEW_DEVICE,Reviewed and cleared; minor signals only (initiated from a device not seen before).
TXN_0000365,False,0.99,0.25,0.012145748987854251,0.1082995951417004,0.13613360323886642,False,deterministic_below_threshold,False,False,False,AMOUNT_RATIO_HIGH|CUSTOMER_HIGH_RISK,Reviewed and cleared; minor signals only (amount is 37.0x the account average; customer carries a HIGH internal risk rating).
TXN_0000919,False,0.695,0.4166666666666667,0.909919028340081,0.3856275303643725,0.5553306342780027,False,deterministic_below_threshold,False,False,False,IMPOSSIBLE_TRAVEL|CUSTOMER_HIGH_RISK|KYC_NOT_VERIFIED,Reviewed and cleared; minor signals only (card physically present 630 km from home; customer carries a HIGH internal risk rating).
TXN_0000566,True,0.62,0.16666666666666666,0.9271255060728745,0.9240890688259109,0.6220310391363022,True,slm,False,False,False,NIGHT_HOURS|KYC_NOT_VERIFIED,"The transaction occurred at 02:00, outside normal activity hours, and the customer's KYC status is expired, indicating a potential security risk."
TXN_0000130,False,0.99,0.0,0.09615384615384616,0.19331983805668015,0.08684210526315789,False,deterministic_below_threshold,False,False,False,,Consistent with the account's normal transaction pattern; no fraud indicators triggered.
TXN_0000569,False,0.977,0.0,0.7378542510121457,0.1720647773279352,0.2729757085020243,False,deterministic_below_threshold,False,False,False,,Consistent with the account's normal transaction pattern; no fraud indicators triggered.
TXN_0000913,False,0.978,0.0,0.38461538461538464,0.5222672064777328,0.2720647773279352,False,deterministic_below_threshold,False,False,False,,Consistent with the account's normal transaction pattern; no fraud indicators triggered.
TXN_0000396,False,0.938,0.08333333333333333,0.4230769230769231,0.5050607287449392,0.31177462887989205,False,deterministic_below_threshold,False,False,False,NEW_DEVICE,Reviewed and cleared; minor signals only (initiated from a device not seen before).
TXN_0000930,False,0.99,0.16666666666666666,0.2692307692307692,0.1862348178137652,0.20330634278002696,False,deterministic_below_threshold,False,False,False,CUSTOMER_HIGH_RISK|KYC_NOT_VERIFIED,Reviewed and cleared; minor signals only (customer carries a HIGH internal risk rating; customer KYC status is EXPIRED).
TXN_0000293,False,0.822,0.0,0.47368421052631576,0.9534412955465587,0.4281376518218623,False,deterministic_below_threshold,False,False,False,,Consistent with the account's normal transaction pattern; no fraud indicators triggered.
TXN_0000618,False,0.964,0.08333333333333333,0.3714574898785425,0.4706477732793522,0.28596491228070176,False,deterministic_below_threshold,False,False,False,NIGHT_HOURS,"Reviewed and cleared; minor signals only (occurred at 01:00, outside normal activity hours)."
TXN_0000248,False,0.772,0.08333333333333333,0.687246963562753,0.7945344129554656,0.4778677462887989,False,deterministic_below_threshold,False,False,False,NIGHT_HOURS,"Reviewed and cleared; minor signals only (occurred at 02:00, outside normal activity hours)."
TXN_0000735,False,0.916,0.25,0.4200404858299595,0.36133603238866396,0.334412955465587,False,deterministic_below_threshold,False,False,False,VELOCITY_24H|NEW_DEVICE,Reviewed and cleared; minor signals only (3 transactions in the preceding 24h; initiated from a device not seen before).
TXN_0000844,False,0.752,0.08333333333333333,0.8937246963562753,0.6538461538461539,0.4976045883940621,False,deterministic_below_threshold,False,False,False,KYC_NOT_VERIFIED,Reviewed and cleared; minor signals only (customer KYC status is EXPIRED).
TXN_0000037,False,0.99,0.08333333333333333,0.3532388663967611,0.33704453441295545,0.2404183535762483,False,deterministic_below_threshold,False,False,False,NEW_DEVICE,Reviewed and cleared; minor signals only (initiated from a device not seen before).
TXN_0000542,False,0.99,0.0,0.3117408906882591,0.08097165991902834,0.11781376518218623,False,deterministic_below_threshold,False,False,False,,Consistent with the account's normal transaction pattern; no fraud indicators triggered.
TXN_0000922,False,0.912,0.08333333333333333,0.31983805668016196,0.694331983805668,0.33758434547908234,False,deterministic_below_threshold,False,False,False,NIGHT_HOURS,"Reviewed and cleared; minor signals only (occurred at 03:00, outside normal activity hours)."
TXN_0000376,False,0.707,0.4166666666666667,0.4240890688259109,0.8309716599190283,0.5431848852901484,False,deterministic_below_threshold,False,False,False,HIGH_RISK_CATEGORY|AMOUNT_RATIO_HIGH,Reviewed and cleared; minor signals only (high-risk merchant category CRYPTO; amount is 15.4x the account average).
TXN_0000463,False,0.828,0.0,0.7813765182186235,0.6244939271255061,0.42176113360323886,False,deterministic_below_threshold,False,False,False,,Consistent with the account's normal transaction pattern; no fraud indicators triggered.
TXN_0000893,False,0.99,0.0,0.004048582995951417,0.016194331983805668,0.006072874493927126,False,deterministic_below_threshold,False,False,False,,Consistent with the account's normal transaction pattern; no fraud indicators triggered.
TXN_0000831,False,0.888,0.08333333333333333,0.8016194331983806,0.29554655870445345,0.36248313090418355,False,deterministic_below_threshold,False,False,False,NIGHT_HOURS,"Reviewed and cleared; minor signals only (occurred at 04:00, outside normal activity hours)."
TXN_0000469,False,0.872,0.16666666666666666,0.33704453441295545,0.7004048582995951,0.3779014844804318,False,deterministic_below_threshold,False,False,False,NIGHT_HOURS|POLITICALLY_EXPOSED,"Reviewed and cleared; minor signals only (occurred at 02:00, outside normal activity hours; customer is politically exposed)."
TXN_0000073,False,0.768,0.25,0.4807692307692308,0.791497975708502,0.4816801619433198,False,deterministic_below_threshold,False,False,False,AMOUNT_RATIO_HIGH|BALANCE_NEGATIVE,Reviewed and cleared; minor signals only (amount is 12.6x the account average; drove the account balance negative).
TXN_0000153,False,0.751,0.08333333333333333,0.812753036437247,0.7388663967611336,0.4988191632928475,False,deterministic_below_threshold,False,False,False,NEW_DEVICE,Reviewed and cleared; minor signals only (initiated from a device not seen before).
TXN_0000744,False,0.99,0.0,0.05566801619433198,0.38866396761133604,0.1332995951417004,False,deterministic_below_threshold,False,False,False,,Consistent with the account's normal transaction pattern; no fraud indicators triggered.
TXN_0000815,False,0.99,0.16666666666666666,0.16700404858299595,0.14473684210526316,0.1601889338731444,False,deterministic_below_threshold,False,False,False,NIGHT_HOURS|CUSTOMER_HIGH_RISK,"Reviewed and cleared; minor signals only (occurred at 00:00, outside normal activity hours; customer carries a HIGH internal risk rating)."
TXN_0000938,True,0.9,0.3333333333333333,0.6659919028340081,0.8552631578947368,0.5897098515519568,True,slm,False,False,False,HIGH_RISK_CATEGORY|CUSTOMER_HIGH_RISK,"The transaction is a purchase of $5,897.65 from CryptoXchange Global, a high-risk merchant category, and the customer's age and risk rating indicate a high internal risk level."
TXN_0000595,False,0.99,0.0,0.26619433198380565,0.11032388663967611,0.11295546558704453,False,deterministic_below_threshold,False,False,False,,Consistent with the account's normal transaction pattern; no fraud indicators triggered.
TXN_0000814,False,0.917,0.08333333333333333,0.7520242914979757,0.24595141700404857,0.33272604588394056,False,deterministic_below_threshold,False,False,False,NIGHT_HOURS,"Reviewed and cleared; minor signals only (occurred at 00:00, outside normal activity hours)."
TXN_0000792,False,0.99,0.0,0.39979757085020245,0.4190283400809717,0.24564777327935222,False,deterministic_below_threshold,False,False,False,,Consistent with the account's normal transaction pattern; no fraud indicators triggered.
TXN_0000540,False,0.795,0.16666666666666666,0.694331983805668,0.6002024291497976,0.4550269905533063,False,deterministic_below_threshold,False,False,False,VELOCITY_24H,Reviewed and cleared; minor signals only (3 transactions in the preceding 24h).
TXN_0000038,False,0.99,0.25,0.3603238866396761,0.15890688259109312,0.25576923076923075,False,deterministic_below_threshold,False,False,False,NEW_DEVICE|CUSTOMER_HIGH_RISK|KYC_NOT_VERIFIED,Reviewed and cleared; minor signals only (initiated from a device not seen before; customer carries a HIGH internal risk rating).
TXN_0000944,False,0.868,0.16666666666666666,0.8390688259109311,0.2125506072874494,0.38215249662618084,False,deterministic_below_threshold,False,False,False,NEW_DEVICE|KYC_NOT_VERIFIED,Reviewed and cleared; minor signals only (initiated from a device not seen before; customer KYC status is PENDING).
TXN_0000050,False,0.844,0.16666666666666666,0.44129554655870445,0.6882591093117408,0.40553306342780027,False,deterministic_below_threshold,False,False,False,VELOCITY_24H,Reviewed and cleared; minor signals only (3 transactions in the preceding 24h).
TXN_0000761,False,0.797,0.25,0.5708502024291497,0.6072874493927125,0.45344129554655865,False,deterministic_below_threshold,False,False,False,NIGHT_HOURS|CUSTOMER_HIGH_RISK|POLITICALLY_EXPOSED,"Reviewed and cleared; minor signals only (occurred at 05:00, outside normal activity hours; customer carries a HIGH internal risk rating)."
TXN_0000917,False,0.903,0.16666666666666666,0.6032388663967612,0.3299595141700405,0.34662618083670715,False,deterministic_below_threshold,False,False,False,CUSTOMER_HIGH_RISK|KYC_NOT_VERIFIED,Reviewed and cleared; minor signals only (customer carries a HIGH internal risk rating; customer KYC status is PENDING).
TXN_0000567,False,0.787,0.4166666666666667,0.41194331983805665,0.5748987854251012,0.462719298245614,False,deterministic_below_threshold,False,False,False,IMPOSSIBLE_TRAVEL|NIGHT_HOURS|CUSTOMER_HIGH_RISK,"Reviewed and cleared; minor signals only (card physically present 1,396 km from home; occurred at 02:00, outside normal activity hours)."
TXN_0000224,False,0.965,0.3333333333333333,0.23785425101214575,0.26720647773279355,0.2848515519568151,False,deterministic_below_threshold,False,False,False,IMPOSSIBLE_TRAVEL|CUSTOMER_HIGH_RISK,"Reviewed and cleared; minor signals only (card physically present 1,318 km from home; customer carries a HIGH internal risk rating)."
TXN_0000404,False,0.99,0.16666666666666666,0.19635627530364372,0.2560728744939271,0.20239541160593788,False,deterministic_below_threshold,False,False,False,NEW_DEVICE|KYC_NOT_VERIFIED,Reviewed and cleared; minor signals only (initiated from a device not seen before; customer KYC status is EXPIRED).
TXN_0000720,True,0.95,0.25,0.9331983805668016,0.9898785425101214,0.676923076923077,True,slm,False,False,False,FOREIGN_MERCHANT,"The transaction is from a Singapore-based merchant to a customer in their home country, violating the rule of a foreign transaction."
TXN_0000408,True,0.8,0.3333333333333333,0.798582995951417,0.9574898785425101,0.6601551956815115,True,slm,False,False,False,IMPOSSIBLE_TRAVEL|NEW_DEVICE,"The transaction is an unauthorized purchase from Croma Electronics, a merchant in the electronics category, located 841 km from the cardholder's home city, which is a significant deviation from the average distance."
TXN_0000693,False,0.99,0.16666666666666666,0.24493927125506074,0.004048582995951417,0.1413630229419703,False,deterministic_below_threshold,False,False,False,CUSTOMER_HIGH_RISK|KYC_NOT_VERIFIED,Reviewed and cleared; minor signals only (customer carries a HIGH internal risk rating; customer KYC status is EXPIRED).
TXN_0000876,False,0.844,0.16666666666666666,0.4605263157894737,0.6700404858299596,0.40583670715249665,False,deterministic_below_threshold,False,False,False,BALANCE_NEGATIVE|CUSTOMER_HIGH_RISK,Reviewed and cleared; minor signals only (drove the account balance negative; customer carries a HIGH internal risk rating).
TXN_0000909,False,0.99,0.0,0.35526315789473684,0.47368421052631576,0.24868421052631579,False,deterministic_below_threshold,False,False,False,,Consistent with the account's normal transaction pattern; no fraud indicators triggered.
TXN_0000818,False,0.78,0.08333333333333333,0.8370445344129555,0.6174089068825911,0.4696693657219973,False,deterministic_below_threshold,False,False,False,NIGHT_HOURS,"Reviewed and cleared; minor signals only (occurred at 03:00, outside normal activity hours)."
TXN_0000870,False,0.99,0.0,0.18927125506072875,0.6123481781376519,0.24048582995951417,False,deterministic_below_threshold,False,False,False,,Consistent with the account's normal transaction pattern; no fraud indicators triggered.
TXN_0000079,True,0.9,0.6666666666666666,0.861336032388664,0.7317813765182186,0.7446018893387315,True,slm,False,False,False,FOREIGN_MERCHANT|IMPOSSIBLE_TRAVEL|NEW_DEVICE|CUSTOMER_HIGH_RISK,"The transaction from Ola Cabs, a foreign merchant in the customer's home country, initiated from a device 2,781 km away, and the customer's high internal risk rating, combined with the card being physically present 2,781 km from home, justify a verdict of FRAUD."
TXN_0000896,False,0.99,0.08333333333333333,0.2722672064777328,0.14777327935222673,0.1593454790823212,False,deterministic_below_threshold,False,False,False,CUSTOMER_HIGH_RISK,Reviewed and cleared; minor signals only (customer carries a HIGH internal risk rating).
TXN_0000071,False,0.81,0.0,0.8107287449392713,0.6548582995951417,0.43967611336032386,False,deterministic_below_threshold,False,False,False,,Consistent with the account's normal transaction pattern; no fraud indicators triggered.
TXN_0000550,False,0.865,0.16666666666666666,0.6912955465587044,0.3714574898785425,0.3854925775978407,False,deterministic_below_threshold,False,False,False,AMOUNT_RATIO_HIGH,Reviewed and cleared; minor signals only (amount is 11.2x the account average).
TXN_0000237,False,0.771,0.0,0.7206477732793523,0.8755060728744939,0.4788461538461538,False,deterministic_below_threshold,False,False,False,,Consistent with the account's normal transaction pattern; no fraud indicators triggered.
TXN_0000598,True,0.9,0.5833333333333334,0.930161943319838,0.9757085020242915,0.8050944669365723,True,slm,False,False,False,FOREIGN_MERCHANT|IMPOSSIBLE_TRAVEL|NEW_DEVICE,"The transaction from BigBazaar Retail in Ukraine, 6,366 km from the customer's home city of Ahmedabad, with a high anomaly model score, indicates a potential foreign transaction, despite the card being physically present."
TXN_0000659,True,0.99,1.0,0.9939271255060729,0.909919028340081,0.9711538461538463,True,slm,True,False,False,FOREIGN_MERCHANT|HIGH_RISK_CATEGORY|NO_AUTH_HIGH_VALUE|NIGHT_HOURS|NEW_DEVICE|BALANCE_NEGATIVE,"The transaction from CryptoXchange Global, a high-risk merchant category, to the customer's account with a large negative balance, occurred outside normal activity hours and at an unusual time, despite the absence of authentication and the presence of a new device, which raises suspicions."
TXN_0000490,False,0.777,0.25,0.43218623481781376,0.8117408906882592,0.4731781376518219,False,deterministic_below_threshold,False,False,False,HIGH_RISK_CATEGORY,Reviewed and cleared; minor signals only (high-risk merchant category CRYPTO).
TXN_0000984,False,0.702,0.08333333333333333,0.8987854251012146,0.8178137651821862,0.5483130904183535,False,deterministic_below_threshold,False,False,False,BALANCE_NEGATIVE,Reviewed and cleared; minor signals only (drove the account balance negative).
TXN_0000176,True,0.99,1.0,0.9969635627530364,0.9888663967611336,0.995748987854251,True,slm,True,False,False,FOREIGN_MERCHANT|HIGH_RISK_CATEGORY|NO_AUTH_HIGH_VALUE|AMOUNT_RATIO_EXTREME|NIGHT_HOURS|NEW_DEVICE|BALANCE_NEGATIVE|CUSTOMER_HIGH_RISK|KYC_NOT_VERIFIED,"The transaction from BetKing Online, a high-risk merchant category, to the customer's account with a large transfer amount (214x the account average), initiated at an unusual hour, and with no authentication, drives the verdict."
TXN_0000861,True,0.9,0.5833333333333334,0.7540485829959515,0.8137651821862348,0.7036774628879892,True,slm,False,False,False,FOREIGN_MERCHANT|IMPOSSIBLE_TRAVEL|NIGHT_HOURS,"The transaction is an unauthorized purchase by a card physically present 4,486 km from the customer's home, occurring at 00:00 outside normal activity hours, and in a merchant category of fuel, which is considered a high-risk transaction."
TXN_0000017,False,0.99,0.3333333333333333,0.07995951417004049,0.3016194331983806,0.24780701754385964,False,deterministic_below_threshold,False,False,False,AMOUNT_RATIO_HIGH|NIGHT_HOURS|CUSTOMER_HIGH_RISK,"Reviewed and cleared; minor signals only (amount is 11.0x the account average; occurred at 03:00, outside normal activity hours)."
TXN_0000817,False,0.799,0.08333333333333333,0.770242914979757,0.6204453441295547,0.45053981106612684,False,deterministic_below_threshold,False,False,False,NIGHT_HOURS,"Reviewed and cleared; minor signals only (occurred at 02:00, outside normal activity hours)."
TXN_0000261,False,0.841,0.3333333333333333,0.3866396761133603,0.5334008097165992,0.4093454790823212,False,deterministic_below_threshold,False,False,False,AMOUNT_RATIO_EXTREME|NEW_DEVICE,Reviewed and cleared; minor signals only (amount is 78x the account average; initiated from a device not seen before).
TXN_0000587,False,0.989,0.08333333333333333,0.6508097165991903,0.10931174089068826,0.26136977058029687,False,deterministic_below_threshold,False,False,False,CUSTOMER_HIGH_RISK,Reviewed and cleared; minor signals only (customer carries a HIGH internal risk rating).
TXN_0000325,False,0.99,0.0,0.5789473684210527,0.27631578947368424,0.2565789473684211,False,deterministic_below_threshold,False,False,False,,Consistent with the account's normal transaction pattern; no fraud indicators triggered.
TXN_0000945,False,0.975,0.0,0.5475708502024291,0.37044534412955465,0.27540485829959516,False,deterministic_below_threshold,False,False,False,,Consistent with the account's normal transaction pattern; no fraud indicators triggered.
TXN_0000797,True,0.85,0.3333333333333333,0.354251012145749,1.0,0.5396086369770581,True,slm,True,False,False,AMOUNT_RATIO_EXTREME|NEW_DEVICE,"The transaction amount (INR 19561.60) is 782x the account average (INR 24,026.51), indicating a significant transaction, and the transaction was initiated from a new device (POS_TERMINAL) not seen before."
TXN_0000502,False,0.98,0.0,0.1882591093117409,0.7115384615384616,0.26993927125506073,False,deterministic_below_threshold,False,False,False,,Consistent with the account's normal transaction pattern; no fraud indicators triggered.
TXN_0000020,False,0.697,0.16666666666666666,0.7894736842105263,0.8319838056680162,0.5531039136302294,False,deterministic_below_threshold,False,False,False,NEW_DEVICE|CUSTOMER_HIGH_RISK,Reviewed and cleared; minor signals only (initiated from a device not seen before; customer carries a HIGH internal risk rating).
TXN_0000405,False,0.695,0.3333333333333333,0.9210526315789473,0.48582995951417,0.5553981106612684,False,deterministic_below_threshold,False,False,False,FOREIGN_MERCHANT|KYC_NOT_VERIFIED,"Reviewed and cleared; minor signals only (merchant is in RU, outside the customer's home country; customer KYC status is EXPIRED)."
TXN_0000851,False,0.99,0.0,0.17611336032388664,0.521255060728745,0.20921052631578946,False,deterministic_below_threshold,False,False,False,,Consistent with the account's normal transaction pattern; no fraud indicators triggered.
TXN_0000498,False,0.708,0.25,0.7165991902834008,0.7560728744939271,0.5418016194331984,False,deterministic_below_threshold,False,False,False,IMPOSSIBLE_TRAVEL,"Reviewed and cleared; minor signals only (card physically present 1,257 km from home)."
TXN_0000782,False,0.985,0.16666666666666666,0.2894736842105263,0.37044534412955465,0.26464237516869094,False,deterministic_below_threshold,False,False,False,NEW_DEVICE|KYC_NOT_VERIFIED,Reviewed and cleared; minor signals only (initiated from a device not seen before; customer KYC status is PENDING).
TXN_0000287,False,0.833,0.25,0.708502024291498,0.3491902834008097,0.4173076923076923,False,deterministic_below_threshold,False,False,False,IMPOSSIBLE_TRAVEL,"Reviewed and cleared; minor signals only (card physically present 1,123 km from home)."
TXN_0000492,False,0.99,0.0,0.08198380566801619,0.14068825910931174,0.06680161943319837,False,deterministic_below_threshold,False,False,False,,Consistent with the account's normal transaction pattern; no fraud indicators triggered.
TXN_0000869,False,0.917,0.08333333333333333,0.5010121457489879,0.49898785425101216,0.33333333333333337,False,deterministic_below_threshold,False,False,False,NIGHT_HOURS,"Reviewed and cleared; minor signals only (occurred at 03:00, outside normal activity hours)."
TXN_0000448,True,0.95,0.5833333333333334,0.7621457489878543,0.9493927125506073,0.7467948717948718,True,slm,False,False,False,FOREIGN_MERCHANT|IMPOSSIBLE_TRAVEL|NEW_DEVICE,"The transaction is an unauthorized purchase from a merchant in a foreign country, with the card physically present 1,702 km from the customer's home location, and initiated from an unknown device."
TXN_0000591,True,0.9,0.6666666666666666,0.9676113360323887,0.8917004048582996,0.8244601889338731,True,slm,True,False,False,FOREIGN_MERCHANT|HIGH_RISK_CATEGORY|NIGHT_HOURS|NEW_DEVICE,"The transaction is a high-risk MONEY_TRANSFER from a foreign merchant (QuickCash Wire Ltd, NG, NG) to the customer's home country (Bengaluru, NG), occurring outside normal activity hours and at an unusual time (04:00), with the merchant category being MONEY_TRANSFER and the amount being a significant percentage of the customer's account balance."
TXN_0000886,False,0.99,0.0,0.043522267206477734,0.2388663967611336,0.0847165991902834,False,deterministic_below_threshold,False,False,False,,Consistent with the account's normal transaction pattern; no fraud indicators triggered.
TXN_0000318,True,0.85,0.3333333333333333,0.7844129554655871,0.9271255060728745,0.6467948717948718,True,slm,False,False,False,HIGH_RISK_CATEGORY|NIGHT_HOURS,"The transaction is a high-risk purchase from a merchant category of GIFT_CARD, occurring at an unusual hour of 05:00, and the device type is IOS, which is a known security risk."
TXN_0000810,False,0.932,0.16666666666666666,0.5850202429149798,0.25303643724696356,0.3180836707152497,False,deterministic_below_threshold,False,False,False,CUSTOMER_HIGH_RISK|KYC_NOT_VERIFIED,Reviewed and cleared; minor signals only (customer carries a HIGH internal risk rating; customer KYC status is PENDING).
TXN_0000657,False,0.952,0.16666666666666666,0.24595141700404857,0.5253036437246964,0.29804318488529014,False,deterministic_below_threshold,False,False,False,NEW_DEVICE|CUSTOMER_HIGH_RISK,Reviewed and cleared; minor signals only (initiated from a device not seen before; customer carries a HIGH internal risk rating).
TXN_0000932,False,0.926,0.16666666666666666,0.7550607287449392,0.10323886639676114,0.32415654520917675,False,deterministic_below_threshold,False,False,False,CUSTOMER_HIGH_RISK|POLITICALLY_EXPOSED,Reviewed and cleared; minor signals only (customer carries a HIGH internal risk rating; customer is politically exposed).
TXN_0000313,False,0.923,0.0,0.8097165991902834,0.2793522267206478,0.32672064777327936,False,deterministic_below_threshold,False,False,False,,Consistent with the account's normal transaction pattern; no fraud indicators triggered.
TXN_0000481,False,0.863,0.3333333333333333,0.21862348178137653,0.6285425101214575,0.3874831309041835,False,deterministic_below_threshold,False,False,False,IMPOSSIBLE_TRAVEL|NEW_DEVICE,"Reviewed and cleared; minor signals only (card physically present 1,146 km from home; initiated from a device not seen before)."
TXN_0000621,False,0.952,0.25,0.2591093117408907,0.4018218623481781,0.29827935222672064,False,deterministic_below_threshold,False,False,False,VELOCITY_24H|NIGHT_HOURS,"Reviewed and cleared; minor signals only (3 transactions in the preceding 24h; occurred at 04:00, outside normal activity hours)."
TXN_0000866,False,0.808,0.3333333333333333,0.5495951417004049,0.4797570850202429,0.44213900134952766,False,deterministic_below_threshold,False,False,False,IMPOSSIBLE_TRAVEL|KYC_NOT_VERIFIED,"Reviewed and cleared; minor signals only (card physically present 1,083 km from home; customer KYC status is PENDING)."
TXN_0000639,False,0.741,0.08333333333333333,0.8350202429149798,0.7520242914979757,0.50944669365722,False,deterministic_below_threshold,False,False,False,NIGHT_HOURS,"Reviewed and cleared; minor signals only (occurred at 00:00, outside normal activity hours)."
TXN_0000226,False,0.707,0.25,0.5151821862348178,0.9615384615384616,0.5430161943319838,False,deterministic_below_threshold,False,False,False,NEW_DEVICE|BALANCE_NEGATIVE|CUSTOMER_HIGH_RISK,Reviewed and cleared; minor signals only (initiated from a device not seen before; drove the account balance negative).
TXN_0000848,False,0.854,0.0,0.7763157894736842,0.5445344129554656,0.3962550607287449,False,deterministic_below_threshold,False,False,False,,Consistent with the account's normal transaction pattern; no fraud indicators triggered.
TXN_0000959,False,0.99,0.0,0.05465587044534413,0.32793522267206476,0.11477732793522266,False,deterministic_below_threshold,False,False,False,,Consistent with the account's normal transaction pattern; no fraud indicators triggered.
TXN_0000057,False,0.841,0.08333333333333333,0.582995951417004,0.6700404858299596,0.4092442645074224,False,deterministic_below_threshold,False,False,False,NEW_DEVICE,Reviewed and cleared; minor signals only (initiated from a device not seen before).
TXN_0000268,False,0.913,0.08333333333333333,0.5192307692307693,0.49190283400809715,0.3366734143049932,False,deterministic_below_threshold,False,False,False,NEW_DEVICE,Reviewed and cleared; minor signals only (initiated from a device not seen before).
TXN_0000548,False,0.99,0.0,0.14878542510121456,0.3522267206477733,0.15030364372469635,False,deterministic_below_threshold,False,False,False,,Consistent with the account's normal transaction pattern; no fraud indicators triggered.
TXN_0000236,True,0.99,0.6666666666666666,0.8765182186234818,0.9858299595141701,0.8253711201079621,True,slm,False,False,False,FOREIGN_MERCHANT|AMOUNT_RATIO_HIGH|IMPOSSIBLE_TRAVEL,"The transaction is an unauthorized purchase by a merchant in a foreign country, with an amount 27.7 times the customer's average monthly balance, and the physical presence of the card being 1,843 km from the customer's home location."
TXN_0000112,False,0.724,0.16666666666666666,0.8694331983805668,0.6609311740890689,0.5257759784075573,False,deterministic_below_threshold,False,False,False,NIGHT_HOURS|NEW_DEVICE,"Reviewed and cleared; minor signals only (occurred at 00:00, outside normal activity hours; initiated from a device not seen before)."
TXN_0000074,False,0.99,0.08333333333333333,0.701417004048583,0.003036437246963563,0.2446693657219973,False,deterministic_below_threshold,False,False,False,NEW_DEVICE,Reviewed and cleared; minor signals only (initiated from a device not seen before).
TXN_0000454,False,0.923,0.4166666666666667,0.5141700404858299,0.019230769230769232,0.32668690958164637,False,deterministic_below_threshold,False,False,False,IMPOSSIBLE_TRAVEL|CUSTOMER_HIGH_RISK|KYC_NOT_VERIFIED,Reviewed and cleared; minor signals only (card physically present 545 km from home; customer carries a HIGH internal risk rating).
TXN_0000451,False,0.99,0.08333333333333333,0.10222672064777327,0.05161943319838057,0.07948717948717948,False,deterministic_below_threshold,False,False,False,NEW_DEVICE,Reviewed and cleared; minor signals only (initiated from a device not seen before).
TXN_0000361,True,0.93,0.4166666666666667,0.9291497975708503,0.7064777327935222,0.6573549257759784,True,slm,False,False,False,FOREIGN_MERCHANT|CUSTOMER_HIGH_RISK|KYC_NOT_VERIFIED,"The transaction from Croma Electronics in Singapore, with a purchase amount of SGD 1,500.00, is suspicious due to the merchant's location outside the customer's home country and the customer's high internal risk rating."
TXN_0000329,False,0.787,0.3333333333333333,0.9068825910931174,0.19129554655870445,0.46278677462887985,False,deterministic_below_threshold,False,False,False,NIGHT_HOURS|NEW_DEVICE|CUSTOMER_HIGH_RISK|POLITICALLY_EXPOSED,"Reviewed and cleared; minor signals only (occurred at 01:00, outside normal activity hours; initiated from a device not seen before)."
TXN_0000728,True,0.9,0.3333333333333333,0.7105263157894737,0.7904858299595142,0.5836369770580296,True,slm,False,False,False,AMOUNT_RATIO_HIGH|BALANCE_NEGATIVE|KYC_NOT_VERIFIED,"The transaction amount (INR 165,247.58) is 26.9 times the account average (INR 6,000), indicating a potential high-value transaction, and the negative balance after the transaction further supports this suspicion."
TXN_0000149,False,0.954,0.08333333333333333,0.3269230769230769,0.5495951417004049,0.29628879892037785,False,deterministic_below_threshold,False,False,False,NEW_DEVICE,Reviewed and cleared; minor signals only (initiated from a device not seen before).
TXN_0000648,False,0.935,0.08333333333333333,0.7246963562753036,0.2145748987854251,0.31511470985155193,False,deterministic_below_threshold,False,False,False,KYC_NOT_VERIFIED,Reviewed and cleared; minor signals only (customer KYC status is EXPIRED).
TXN_0000129,False,0.935,0.08333333333333333,0.47469635627530365,0.4625506072874494,0.31450742240215923,False,deterministic_below_threshold,False,False,False,NEW_DEVICE,Reviewed and cleared; minor signals only (initiated from a device not seen before).
TXN_0000162,False,0.77,0.25,0.3805668016194332,0.8876518218623481,0.48046558704453435,False,deterministic_below_threshold,False,False,False,IMPOSSIBLE_TRAVEL,Reviewed and cleared; minor signals only (card physically present 962 km from home).
TXN_0000585,False,0.99,0.08333333333333333,0.3491902834008097,0.01720647773279352,0.1432523616734143,False,deterministic_below_threshold,False,False,False,CUSTOMER_HIGH_RISK,Reviewed and cleared; minor signals only (customer carries a HIGH internal risk rating).
TXN_0000853,False,0.939,0.0,0.6143724696356275,0.42105263157894735,0.3106275303643724,False,deterministic_below_threshold,False,False,False,,Consistent with the account's normal transaction pattern; no fraud indicators triggered.
TXN_0000960,False,0.99,0.08333333333333333,0.0951417004048583,0.16700404858299595,0.1119770580296896,False,deterministic_below_threshold,False,False,False,BALANCE_NEGATIVE,Reviewed and cleared; minor signals only (drove the account balance negative).
TXN_0000894,False,0.99,0.0,0.41295546558704455,0.20242914979757085,0.1846153846153846,False,deterministic_below_threshold,False,False,False,,Consistent with the account's normal transaction pattern; no fraud indicators triggered.
TXN_0000852,False,0.85,0.25,0.7054655870445344,0.992914979757085,0.6095141700404858,True,slm,False,False,False,AMOUNT_RATIO_HIGH|BALANCE_NEGATIVE,"The transaction amount (INR 98,935.74) is 24.6x the account average (INR 4,101.90), indicating a potential high-value transaction."
TXN_0000113,False,0.695,0.25,0.847165991902834,0.6680161943319838,0.5545546558704453,False,deterministic_below_threshold,False,False,False,AMOUNT_RATIO_HIGH|NIGHT_HOURS,"Reviewed and cleared; minor signals only (amount is 10.3x the account average; occurred at 00:00, outside normal activity hours)."
TXN_0000819,False,0.99,0.08333333333333333,0.31376518218623484,0.40789473684210525,0.24983130904183534,False,deterministic_below_threshold,False,False,False,NIGHT_HOURS,"Reviewed and cleared; minor signals only (occurred at 04:00, outside normal activity hours)."
TXN_0000660,True,0.99,0.9166666666666666,0.9959514170040485,0.9868421052631579,0.9615047233468286,True,slm,True,False,False,FOREIGN_MERCHANT|HIGH_RISK_CATEGORY|NO_AUTH_HIGH_VALUE|NIGHT_HOURS|BALANCE_NEGATIVE,"The transaction is a high-risk MONEY_TRANSFER from a foreign merchant (PH) to an active customer (Pune) with a low risk rating, and the large amount (148,099.83 INR) is suspiciously high for a transfer from an active account."
TXN_0000771,False,0.99,0.0,0.402834008097166,0.4109311740890688,0.24412955465587044,False,deterministic_below_threshold,False,False,False,,Consistent with the account's normal transaction pattern; no fraud indicators triggered.
TXN_0000726,False,0.99,0.0,0.02125506072874494,0.39878542510121456,0.12601214574898784,False,deterministic_below_threshold,False,False,False,,Consistent with the account's normal transaction pattern; no fraud indicators triggered.
TXN_0000900,False,0.99,0.0,0.0010121457489878543,0.1417004048582996,0.042813765182186235,False,deterministic_below_threshold,False,False,False,,Consistent with the account's normal transaction pattern; no fraud indicators triggered.
TXN_0000742,False,0.99,0.0,0.057692307692307696,0.18522267206477733,0.0728744939271255,False,deterministic_below_threshold,False,False,False,,Consistent with the account's normal transaction pattern; no fraud indicators triggered.
TXN_0000142,False,0.99,0.0,0.15384615384615385,0.33805668016194335,0.14757085020242916,False,deterministic_below_threshold,False,False,False,,Consistent with the account's normal transaction pattern; no fraud indicators triggered.
TXN_0000158,True,0.9,0.8333333333333334,0.9807692307692307,0.978744939271255,0.9211875843454791,True,slm,True,False,False,FOREIGN_MERCHANT|HIGH_RISK_CATEGORY|VELOCITY_24H|RAPID_SUCCESSION,"The transaction from GiftCardHub Online, a high-risk merchant category in Russia, with a high distance from the customer's home city and a short time gap between transactions, warrants a suspicion of fraud."
TXN_0000969,True,0.8,0.5,0.6953441295546559,0.8846153846153846,0.6739878542510122,True,slm,False,False,False,FOREIGN_MERCHANT|IMPOSSIBLE_TRAVEL,"The transaction from the Local Kirana Store in ID, with a distance of 2,138 km from the customer's home city of Chennai, and a merchant category of GROCERY, meets the criteria for a potential bank fraud transaction."
TXN_0000802,False,0.899,0.0,0.7155870445344129,0.4534412955465587,0.3507085020242915,False,deterministic_below_threshold,False,False,False,,Consistent with the account's normal transaction pattern; no fraud indicators triggered.
TXN_0000350,True,0.9,0.5,0.9008097165991903,0.7479757085020243,0.6946356275303643,True,slm,False,False,False,FOREIGN_MERCHANT|RAPID_SUCCESSION|NIGHT_HOURS,"The transaction occurred at 04:00, outside normal activity hours, and the merchant is in a foreign country (GB) outside the customer's home country, indicating a potential security risk."
TXN_0000128,False,0.769,0.25,0.6285425101214575,0.6427125506072875,0.4813765182186235,False,deterministic_below_threshold,False,False,False,AMOUNT_RATIO_HIGH|NEW_DEVICE,Reviewed and cleared; minor signals only (amount is 10.9x the account average; initiated from a device not seen before).
TXN_0000778,False,0.696,0.3333333333333333,0.9382591093117408,0.46558704453441296,0.5544871794871795,False,deterministic_below_threshold,False,False,False,FOREIGN_MERCHANT|NIGHT_HOURS,"Reviewed and cleared; minor signals only (merchant is in RO, outside the customer's home country; occurred at 05:00, outside normal activity hours)."
TXN_0000949,False,0.88,0.25,0.5921052631578947,0.30870445344129555,0.37024291497975703,False,deterministic_below_threshold,False,False,False,VELOCITY_24H|KYC_NOT_VERIFIED,Reviewed and cleared; minor signals only (3 transactions in the preceding 24h; customer KYC status is PENDING).
TXN_0000259,False,0.719,0.3333333333333333,0.5242914979757085,0.8026315789473685,0.5314102564102564,False,deterministic_below_threshold,False,False,False,IMPOSSIBLE_TRAVEL|NEW_DEVICE,"Reviewed and cleared; minor signals only (card physically present 1,294 km from home; initiated from a device not seen before)."
TXN_0000977,False,0.969,0.08333333333333333,0.3694331983805668,0.45546558704453444,0.2808029689608637,False,deterministic_below_threshold,False,False,False,BALANCE_NEGATIVE,Reviewed and cleared; minor signals only (drove the account balance negative).
TXN_0000219,False,0.757,0.16666666666666666,0.8340080971659919,0.5880566801619433,0.49328609986504723,False,deterministic_below_threshold,False,False,False,NIGHT_HOURS|KYC_NOT_VERIFIED,"Reviewed and cleared; minor signals only (occurred at 05:00, outside normal activity hours; customer KYC status is EXPIRED)."
TXN_0000740,True,0.9,0.6666666666666666,0.937246963562753,0.8228744939271255,0.7947031039136302,True,slm,True,False,False,FOREIGN_MERCHANT|HIGH_RISK_CATEGORY|NIGHT_HOURS|NEW_DEVICE,"The transaction is from QuickCash Wire Ltd, a high-risk merchant category, and occurred at an unusual hour, indicating potential fraud."
TXN_0000970,True,0.9,0.08333333333333333,0.8896761133603239,0.9777327935222672,0.5935560053981106,True,slm,False,False,False,CUSTOMER_HIGH_RISK,"The customer's HIGH internal risk rating, as detected by the anomaly model, warrants a suspicion of fraudulent activity."
TXN_0000914,True,0.72,0.5,0.8755060728744939,0.8714574898785425,0.724089068825911,True,slm,False,False,False,FOREIGN_MERCHANT|IMPOSSIBLE_TRAVEL,"The transaction from Tanishq Jewellers in Jakarta, ID, with a distance of 5,753 km from the customer's home city of Kochi, meets the criteria for a potential bank fraud transaction."
TXN_0000273,False,0.99,0.08333333333333333,0.5050607287449392,0.057692307692307696,0.2021592442645074,False,deterministic_below_threshold,False,False,False,KYC_NOT_VERIFIED,Reviewed and cleared; minor signals only (customer KYC status is PENDING).
TXN_0000551,False,0.99,0.0,0.1902834008097166,0.6325910931174089,0.24686234817813765,False,deterministic_below_threshold,False,False,False,,Consistent with the account's normal transaction pattern; no fraud indicators triggered.
TXN_0000374,False,0.866,0.08333333333333333,0.8512145748987854,0.3168016194331984,0.38373819163292844,False,deterministic_below_threshold,False,False,False,NEW_DEVICE,Reviewed and cleared; minor signals only (initiated from a device not seen before).
TXN_0000506,False,0.737,0.08333333333333333,0.8228744939271255,0.7763157894736842,0.5130904183535763,False,deterministic_below_threshold,False,False,False,NIGHT_HOURS,"Reviewed and cleared; minor signals only (occurred at 00:00, outside normal activity hours)."
TXN_0000826,False,0.892,0.08333333333333333,0.4311740890688259,0.6508097165991903,0.35792847503373815,False,deterministic_below_threshold,False,False,False,KYC_NOT_VERIFIED,Reviewed and cleared; minor signals only (customer KYC status is EXPIRED).
TXN_0000255,False,0.81,0.6666666666666666,0.8836032388663968,0.9139676113360324,0.8059379217273954,True,slm,False,False,False,FOREIGN_MERCHANT|IMPOSSIBLE_TRAVEL|NEW_DEVICE|CUSTOMER_HIGH_RISK,"The transaction from a Local Kirana Store in Dubai, with a high risk rating and a distance from home exceeding 6,000 km, indicates a potential high-risk transaction."
TXN_0000519,False,0.895,0.3333333333333333,0.26214574898785425,0.4767206477732793,0.3549932523616734,False,deterministic_below_threshold,False,False,False,NO_AUTH_HIGH_VALUE|NEW_DEVICE,"Reviewed and cleared; minor signals only (no authentication on a 25,546 INR transaction; initiated from a device not seen before)."
TXN_0000627,False,0.843,0.3333333333333333,0.6275303643724697,0.2834008097165992,0.40661268556005403,False,deterministic_below_threshold,False,False,False,IMPOSSIBLE_TRAVEL|CUSTOMER_HIGH_RISK,"Reviewed and cleared; minor signals only (card physically present 1,260 km from home; customer carries a HIGH internal risk rating)."
TXN_0000478,False,0.918,0.08333333333333333,0.29048582995951416,0.7034412955465587,0.3315114709851552,False,deterministic_below_threshold,False,False,False,NIGHT_HOURS,"Reviewed and cleared; minor signals only (occurred at 05:00, outside normal activity hours)."
TXN_0000169,False,0.812,0.4166666666666667,0.6346153846153846,0.2682186234817814,0.43751686909581644,False,deterministic_below_threshold,False,False,False,VELOCITY_24H|NIGHT_HOURS|CUSTOMER_HIGH_RISK|KYC_NOT_VERIFIED,"Reviewed and cleared; minor signals only (3 transactions in the preceding 24h; occurred at 05:00, outside normal activity hours)."
TXN_0000309,False,0.943,0.0,0.28846153846153844,0.7358299595141701,0.3072874493927125,False,deterministic_below_threshold,False,False,False,,Consistent with the account's normal transaction pattern; no fraud indicators triggered.
TXN_0000416,False,0.99,0.25,0.005060728744939271,0.36133603238866396,0.20991902834008097,False,deterministic_below_threshold,False,False,False,AMOUNT_RATIO_HIGH|NEW_DEVICE,Reviewed and cleared; minor signals only (amount is 23.1x the account average; initiated from a device not seen before).
TXN_0000435,False,0.725,0.16666666666666666,0.757085020242915,0.7722672064777328,0.525472334682861,False,deterministic_below_threshold,False,False,False,NEW_DEVICE|BALANCE_NEGATIVE,Reviewed and cleared; minor signals only (initiated from a device not seen before; drove the account balance negative).
TXN_0000090,True,0.8,0.3333333333333333,0.9817813765182186,0.8026315789473685,0.6686572199730094,True,slm,False,False,False,NIGHT_HOURS|NEW_DEVICE|ORPHAN_ACCOUNT,"The transaction is for a large amount of money (63,761.74 INR) from a luxury goods merchant (Luxury Goods Direct) in Noida, India, with a PIN authentication, indicating a potential high-value transaction."
TXN_0000967,False,0.99,0.08333333333333333,0.10931174089068826,0.43623481781376516,0.19699730094466933,False,deterministic_below_threshold,False,False,False,CUSTOMER_HIGH_RISK,Reviewed and cleared; minor signals only (customer carries a HIGH internal risk rating).
TXN_0000094,False,0.99,0.25,0.5172064777327935,0.0010121457489878543,0.2554655870445344,False,deterministic_below_threshold,False,False,False,NEW_DEVICE|CUSTOMER_HIGH_RISK|KYC_NOT_VERIFIED,Reviewed and cleared; minor signals only (initiated from a device not seen before; customer carries a HIGH internal risk rating).
TXN_0000098,False,0.99,0.08333333333333333,0.33299595141700405,0.27530364372469635,0.21582321187584347,False,deterministic_below_threshold,False,False,False,NEW_DEVICE,Reviewed and cleared; minor signals only (initiated from a device not seen before).
TXN_0000758,False,0.99,0.08333333333333333,0.04149797570850203,0.4676113360323887,0.18606612685560053,False,deterministic_below_threshold,False,False,False,NEW_DEVICE,Reviewed and cleared; minor signals only (initiated from a device not seen before).
TXN_0000520,False,0.977,0.08333333333333333,0.5131578947368421,0.28643724696356276,0.2732118758434548,False,deterministic_below_threshold,False,False,False,NIGHT_HOURS,"Reviewed and cleared; minor signals only (occurred at 01:00, outside normal activity hours)."
TXN_0000048,False,0.888,0.0,0.6153846153846154,0.5910931174089069,0.3619433198380567,False,deterministic_below_threshold,False,False,False,,Consistent with the account's normal transaction pattern; no fraud indicators triggered.
TXN_0000030,False,0.99,0.16666666666666666,0.3481781376518219,0.18927125506072875,0.22790148448043185,False,deterministic_below_threshold,False,False,False,NEW_DEVICE|CUSTOMER_HIGH_RISK,Reviewed and cleared; minor signals only (initiated from a device not seen before; customer carries a HIGH internal risk rating).
TXN_0000002,False,0.746,0.16666666666666666,0.805668016194332,0.6508097165991903,0.5036099865047233,False,deterministic_below_threshold,False,False,False,NEW_DEVICE|CUSTOMER_HIGH_RISK,Reviewed and cleared; minor signals only (initiated from a device not seen before; customer carries a HIGH internal risk rating).
TXN_0000295,False,0.822,0.25,0.2145748987854251,0.8795546558704453,0.4282388663967611,False,deterministic_below_threshold,False,False,False,AMOUNT_RATIO_HIGH|NEW_DEVICE,Reviewed and cleared; minor signals only (amount is 22.8x the account average; initiated from a device not seen before).
TXN_0000458,True,0.95,0.08333333333333333,0.8663967611336032,0.9483805668016194,0.5777665317139,True,slm,False,False,False,NEW_DEVICE,"The transaction data indicates a transfer of INR 1,196.74 from an unknown account with an average balance of INR 169,059.43, which is significantly higher than the account balance, suggesting a potential fraudulent activity."
TXN_0000662,False,0.99,0.0,0.2560728744939271,0.3309716599190283,0.17611336032388664,False,deterministic_below_threshold,False,False,False,,Consistent with the account's normal transaction pattern; no fraud indicators triggered.
TXN_0000642,False,0.969,0.16666666666666666,0.07489878542510121,0.638663967611336,0.28073549257759783,False,deterministic_below_threshold,False,False,False,VELOCITY_24H,Reviewed and cleared; minor signals only (3 transactions in the preceding 24h).
TXN_0000092,False,0.941,0.0,0.2601214574898785,0.771255060728745,0.30941295546558706,False,deterministic_below_threshold,False,False,False,,Consistent with the account's normal transaction pattern; no fraud indicators triggered.
TXN_0000477,False,0.721,0.08333333333333333,0.8137651821862348,0.8370445344129555,0.5285762483130905,False,deterministic_below_threshold,False,False,False,NIGHT_HOURS,"Reviewed and cleared; minor signals only (occurred at 04:00, outside normal activity hours)."
TXN_0000651,False,0.99,0.0,0.07793522267206478,0.25708502024291496,0.10050607287449391,False,deterministic_below_threshold,False,False,False,,Consistent with the account's normal transaction pattern; no fraud indicators triggered.
TXN_0000864,False,0.84,0.25,0.2965587044534413,0.7378542510121457,0.4103238866396761,False,deterministic_below_threshold,False,False,False,VELOCITY_24H|NEW_DEVICE,Reviewed and cleared; minor signals only (3 transactions in the preceding 24h; initiated from a device not seen before).
TXN_0000096,False,0.798,0.08333333333333333,0.8532388663967612,0.5425101214574899,0.4520580296896086,False,deterministic_below_threshold,False,False,False,NEW_DEVICE,Reviewed and cleared; minor signals only (initiated from a device not seen before).
TXN_0000925,False,0.829,0.08333333333333333,0.7368421052631579,0.5566801619433198,0.42139001349527666,False,deterministic_below_threshold,False,False,False,NEW_DEVICE,Reviewed and cleared; minor signals only (initiated from a device not seen before).
TXN_0000523,False,0.99,0.0,0.14271255060728744,0.3188259109311741,0.13846153846153844,False,deterministic_below_threshold,False,False,False,,Consistent with the account's normal transaction pattern; no fraud indicators triggered.
TXN_0000788,False,0.99,0.08333333333333333,0.04554655870445344,0.4848178137651822,0.192442645074224,False,deterministic_below_threshold,False,False,False,NEW_DEVICE,Reviewed and cleared; minor signals only (initiated from a device not seen before).
TXN_0000507,False,0.914,0.08333333333333333,0.4574898785425101,0.5526315789473685,0.33636977058029693,False,deterministic_below_threshold,False,False,False,NIGHT_HOURS,"Reviewed and cleared; minor signals only (occurred at 04:00, outside normal activity hours)."
TXN_0000600,False,0.873,0.0,0.39068825910931176,0.8663967611336032,0.3771255060728745,False,deterministic_below_threshold,False,False,False,,Consistent with the account's normal transaction pattern; no fraud indicators triggered.
TXN_0000115,False,0.99,0.08333333333333333,0.2823886639676113,0.25809716599190285,0.1954790823211876,False,deterministic_below_threshold,False,False,False,NIGHT_HOURS,"Reviewed and cleared; minor signals only (occurred at 04:00, outside normal activity hours)."
TXN_0000063,True,0.85,0.16666666666666666,0.854251012145749,0.9726720647773279,0.6147435897435898,True,slm,False,False,False,NEW_DEVICE|BALANCE_NEGATIVE,"The anomality model scores indicate that the transaction is unusual, with the rule engine score of 0.17 suggesting that the initiated from a device not seen before is a significant factor."
TXN_0000249,False,0.772,0.08333333333333333,0.6852226720647774,0.7965587044534413,0.4778677462887989,False,deterministic_below_threshold,False,False,False,NEW_DEVICE,Reviewed and cleared; minor signals only (initiated from a device not seen before).
TXN_0000781,False,0.796,0.08333333333333333,0.5526315789473685,0.8502024291497976,0.45418353576248316,False,deterministic_below_threshold,False,False,False,CUSTOMER_HIGH_RISK,Reviewed and cleared; minor signals only (customer carries a HIGH internal risk rating).
TXN_0000172,False,0.866,0.25,0.8502024291497976,0.0951417004048583,0.3836032388663968,False,deterministic_below_threshold,False,False,False,NEW_DEVICE|CUSTOMER_HIGH_RISK|KYC_NOT_VERIFIED,Reviewed and cleared; minor signals only (initiated from a device not seen before; customer carries a HIGH internal risk rating).
TXN_0000420,False,0.99,0.08333333333333333,0.019230769230769232,0.010121457489878543,0.042139001349527666,False,deterministic_below_threshold,False,False,False,CUSTOMER_HIGH_RISK,Reviewed and cleared; minor signals only (customer carries a HIGH internal risk rating).
TXN_0000779,True,0.9,0.5,0.9746963562753036,0.8087044534412956,0.7350202429149797,True,slm,False,False,False,FOREIGN_MERCHANT|VELOCITY_24H|NIGHT_HOURS,"The transaction is from a merchant in a foreign country (AE) with a high number of transactions in the preceding 24 hours, occurring outside normal activity hours, and lacks authentication and card present indicators."
TXN_0000571,False,0.99,0.0,0.38866396761133604,0.09919028340080972,0.14635627530364373,False,deterministic_below_threshold,False,False,False,,Consistent with the account's normal transaction pattern; no fraud indicators triggered.
TXN_0000731,False,0.99,0.0,0.12348178137651822,0.06983805668016195,0.057995951417004046,False,deterministic_below_threshold,False,False,False,,Consistent with the account's normal transaction pattern; no fraud indicators triggered.
TXN_0000888,False,0.797,0.08333333333333333,0.4767206477732793,0.9210526315789473,0.45266531713900127,False,deterministic_below_threshold,False,False,False,NEW_DEVICE,Reviewed and cleared; minor signals only (initiated from a device not seen before).
TXN_0000647,False,0.794,0.25,0.35931174089068824,0.8279352226720648,0.4561740890688259,False,deterministic_below_threshold,False,False,False,IMPOSSIBLE_TRAVEL,"Reviewed and cleared; minor signals only (card physically present 1,003 km from home)."
TXN_0000850,False,0.808,0.0,0.8178137651821862,0.6558704453441295,0.44210526315789467,False,deterministic_below_threshold,False,False,False,,Consistent with the account's normal transaction pattern; no fraud indicators triggered.
TXN_0000189,False,0.807,0.25,0.6133603238866396,0.5313765182186235,0.44342105263157894,False,deterministic_below_threshold,False,False,False,IMPOSSIBLE_TRAVEL,Reviewed and cleared; minor signals only (card physically present 637 km from home).
TXN_0000965,False,0.933,0.08333333333333333,0.4959514170040486,0.4483805668016194,0.3166329284750337,False,deterministic_below_threshold,False,False,False,NEW_DEVICE,Reviewed and cleared; minor signals only (initiated from a device not seen before).
TXN_0000855,False,0.819,0.08333333333333333,0.5647773279352226,0.7601214574898786,0.4308029689608637,False,deterministic_below_threshold,False,False,False,KYC_NOT_VERIFIED,Reviewed and cleared; minor signals only (customer KYC status is PENDING).
TXN_0000696,False,0.99,0.08333333333333333,0.32388663967611336,0.11133603238866396,0.1639001349527665,False,deterministic_below_threshold,False,False,False,KYC_NOT_VERIFIED,Reviewed and cleared; minor signals only (customer KYC status is EXPIRED).
TXN_0000811,False,0.831,0.25,0.409919028340081,0.652834008097166,0.41882591093117405,False,deterministic_below_threshold,False,False,False,IMPOSSIBLE_TRAVEL,Reviewed and cleared; minor signals only (card physically present 684 km from home).
TXN_0000032,False,0.955,0.25,0.11336032388663968,0.5364372469635628,0.2949392712550607,False,deterministic_below_threshold,False,False,False,AMOUNT_RATIO_HIGH|NEW_DEVICE,Reviewed and cleared; minor signals only (amount is 40.5x the account average; initiated from a device not seen before).
TXN_0000577,False,0.966,0.0,0.3107287449392713,0.6356275303643725,0.2839068825910931,False,deterministic_below_threshold,False,False,False,,Consistent with the account's normal transaction pattern; no fraud indicators triggered.
TXN_0000976,False,0.99,0.16666666666666666,0.2925101214574899,0.0465587044534413,0.168387314439946,False,deterministic_below_threshold,False,False,False,CUSTOMER_HIGH_RISK|KYC_NOT_VERIFIED,Reviewed and cleared; minor signals only (customer carries a HIGH internal risk rating; customer KYC status is EXPIRED).
TXN_0000805,False,0.973,0.0,0.21356275303643724,0.7105263157894737,0.27722672064777326,False,deterministic_below_threshold,False,False,False,,Consistent with the account's normal transaction pattern; no fraud indicators triggered.
TXN_0000121,True,0.8,0.25,0.819838056680162,0.9605263157894737,0.6341093117408907,True,slm,True,False,False,AMOUNT_RATIO_EXTREME,"The transaction amount (INR 3952.41) is 158x the account average (INR 25,000), indicating a significant transaction, and the rule engine score of 0.25 suggests a high likelihood of fraud."
TXN_0000601,True,0.98,0.4166666666666667,0.9757085020242915,0.7813765182186235,0.6937921727395412,True,slm,False,False,False,AMOUNT_RATIO_HIGH|NEW_DEVICE|CUSTOMER_HIGH_RISK|KYC_NOT_VERIFIED,"The transaction is a payment of ₹13,906.97 from a merchant named LIC Premium, located in Pune, with a high risk rating and a pending KYC status, indicating a potential fraud scenario."
TXN_0000123,False,0.821,0.4166666666666667,0.520242914979757,0.3532388663967611,0.42871120107962213,False,deterministic_below_threshold,False,False,False,IMPOSSIBLE_TRAVEL|VELOCITY_24H,Reviewed and cleared; minor signals only (card physically present 863 km from home; 3 transactions in the preceding 24h).
TXN_0000253,True,0.85,0.6666666666666666,0.9686234817813765,0.9706477732793523,0.8484480431848853,True,slm,True,False,False,FOREIGN_MERCHANT|HIGH_RISK_CATEGORY|NIGHT_HOURS|NEW_DEVICE,"The transaction is from BetKing Online, a high-risk merchant category, and occurred at an unusual time, indicating potential fraud."
TXN_0000166,False,0.99,0.08333333333333333,0.18218623481781376,0.49291497975708504,0.23586369770580295,False,deterministic_below_threshold,False,False,False,NEW_DEVICE,Reviewed and cleared; minor signals only (initiated from a device not seen before).
TXN_0000891,False,0.99,0.0,0.003036437246963563,0.006072874493927126,0.0027327935222672063,False,deterministic_below_threshold,False,False,False,,Consistent with the account's normal transaction pattern; no fraud indicators triggered.
TXN_0000348,True,0.92,0.4166666666666667,0.9220647773279352,0.8147773279352226,0.687719298245614,True,slm,False,False,False,FOREIGN_MERCHANT|NIGHT_HOURS|NEW_DEVICE,"The transaction occurred at 03:00, outside normal activity hours, and initiated from a device not seen before, indicating a potential security threat."
TXN_0000026,False,0.701,0.25,0.9989878542510121,0.4979757085020243,0.5490890688259109,False,deterministic_below_threshold,False,False,False,NEW_DEVICE|ORPHAN_ACCOUNT,Reviewed and cleared; minor signals only (initiated from a device not seen before; references an account that does not exist in the account master).
TXN_0000274,False,0.867,0.08333333333333333,0.7226720647773279,0.44129554655870445,0.38252361673414303,False,deterministic_below_threshold,False,False,False,NEW_DEVICE,Reviewed and cleared; minor signals only (initiated from a device not seen before).
TXN_0000933,True,0.92,0.4166666666666667,0.9119433198380567,0.9159919028340081,0.715047233468286,True,slm,False,False,False,IMPOSSIBLE_TRAVEL|CUSTOMER_HIGH_RISK|POLITICALLY_EXPOSED,"The customer's high internal risk rating and political exposure, combined with the distance from home (953.70 km), indicate a high likelihood of fraudulent activity."
TXN_0000132,False,0.787,0.25,0.6993927125506073,0.5101214574898786,0.4628542510121457,False,deterministic_below_threshold,False,False,False,NEW_DEVICE|CUSTOMER_HIGH_RISK|KYC_NOT_VERIFIED,Reviewed and cleared; minor signals only (initiated from a device not seen before; customer carries a HIGH internal risk rating).
TXN_0000675,False,0.907,0.16666666666666666,0.7145748987854251,0.2054655870445344,0.3426788124156545,False,deterministic_below_threshold,False,False,False,NEW_DEVICE|CUSTOMER_HIGH_RISK,Reviewed and cleared; minor signals only (initiated from a device not seen before; customer carries a HIGH internal risk rating).
TXN_0000912,False,0.99,0.08333333333333333,0.11032388663967611,0.49898785425101216,0.21612685560053982,False,deterministic_below_threshold,False,False,False,NEW_DEVICE,Reviewed and cleared; minor signals only (initiated from a device not seen before).
TXN_0000715,False,0.722,0.3333333333333333,0.6174089068825911,0.6983805668016194,0.5280701754385965,False,deterministic_below_threshold,False,False,False,NO_AUTH_HIGH_VALUE|BALANCE_NEGATIVE,"Reviewed and cleared; minor signals only (no authentication on a 93,608 INR transaction; drove the account balance negative)."
TXN_0000954,False,0.99,0.08333333333333333,0.05161943319838057,0.242914979757085,0.121693657219973,False,deterministic_below_threshold,False,False,False,CUSTOMER_HIGH_RISK,Reviewed and cleared; minor signals only (customer carries a HIGH internal risk rating).
TXN_0000421,False,0.913,0.3333333333333333,0.4848178137651822,0.19534412955465588,0.3373819163292847,False,deterministic_below_threshold,False,False,False,VELOCITY_24H|NIGHT_HOURS|CUSTOMER_HIGH_RISK,"Reviewed and cleared; minor signals only (3 transactions in the preceding 24h; occurred at 03:00, outside normal activity hours)."
TXN_0000465,False,0.895,0.25,0.4331983805668016,0.4180161943319838,0.3553643724696356,False,deterministic_below_threshold,False,False,False,IMPOSSIBLE_TRAVEL,Reviewed and cleared; minor signals only (card physically present 679 km from home).
TXN_0000599,False,0.89,0.08333333333333333,0.541497975708502,0.5475708502024291,0.3600539811066127,False,deterministic_below_threshold,False,False,False,KYC_NOT_VERIFIED,Reviewed and cleared; minor signals only (customer KYC status is EXPIRED).
TXN_0000393,False,0.99,0.08333333333333333,0.16194331983805668,0.42206477732793524,0.2085357624831309,False,deterministic_below_threshold,False,False,False,NEW_DEVICE,Reviewed and cleared; minor signals only (initiated from a device not seen before).
TXN_0000385,False,0.821,0.08333333333333333,0.5981781376518218,0.7206477732793523,0.4289811066126855,False,deterministic_below_threshold,False,False,False,NIGHT_HOURS,"Reviewed and cleared; minor signals only (occurred at 01:00, outside normal activity hours)."
TXN_0000753,False,0.963,0.0,0.6062753036437247,0.35121457489878544,0.28724696356275303,False,deterministic_below_threshold,False,False,False,,Consistent with the account's normal transaction pattern; no fraud indicators triggered.
TXN_0000022,False,0.99,0.08333333333333333,0.008097165991902834,0.46356275303643724,0.17483130904183536,False,deterministic_below_threshold,False,False,False,NEW_DEVICE,Reviewed and cleared; minor signals only (initiated from a device not seen before).
TXN_0000043,False,0.99,0.08333333333333333,0.14473684210526316,0.29554655870445345,0.16541835357624832,False,deterministic_below_threshold,False,False,False,NIGHT_HOURS,"Reviewed and cleared; minor signals only (occurred at 05:00, outside normal activity hours)."
TXN_0000414,False,0.99,0.08333333333333333,0.2834008097165992,0.38461538461538464,0.23373819163292847,False,deterministic_below_threshold,False,False,False,NEW_DEVICE,Reviewed and cleared; minor signals only (initiated from a device not seen before).
TXN_0000294,False,0.831,0.08333333333333333,0.46558704453441296,0.8208502024291497,0.4192645074224021,False,deterministic_below_threshold,False,False,False,NEW_DEVICE,Reviewed and cleared; minor signals only (initiated from a device not seen before).
TXN_0000628,False,0.786,0.6666666666666666,0.4058704453441296,0.25101214574898784,0.46373144399460187,False,deterministic_below_threshold,False,False,False,NO_AUTH_HIGH_VALUE|IMPOSSIBLE_TRAVEL|BALANCE_NEGATIVE|CUSTOMER_HIGH_RISK,"Reviewed and cleared; minor signals only (no authentication on a 41,916 INR transaction; card physically present 1,281 km from home)."
TXN_0000220,False,0.916,0.16666666666666666,0.7773279352226721,0.11538461538461539,0.3344804318488529,False,deterministic_below_threshold,False,False,False,NEW_DEVICE|CUSTOMER_HIGH_RISK,Reviewed and cleared; minor signals only (initiated from a device not seen before; customer carries a HIGH internal risk rating).
TXN_0000554,False,0.699,0.25,0.6923076923076923,0.8097165991902834,0.5506072874493927,False,deterministic_below_threshold,False,False,False,AMOUNT_RATIO_EXTREME,Reviewed and cleared; minor signals only (amount is 84x the account average).
TXN_0000152,False,0.74,0.08333333333333333,0.8917004048582996,0.6983805668016194,0.510357624831309,False,deterministic_below_threshold,False,False,False,NEW_DEVICE,Reviewed and cleared; minor signals only (initiated from a device not seen before).
TXN_0000950,False,0.99,0.08333333333333333,0.1082995951417004,0.18218623481781376,0.12047908232118756,False,deterministic_below_threshold,False,False,False,NEW_DEVICE,Reviewed and cleared; minor signals only (initiated from a device not seen before).
TXN_0000102,False,0.99,0.08333333333333333,0.3674089068825911,0.27125506072874495,0.22493252361673416,False,deterministic_below_threshold,False,False,False,NEW_DEVICE,Reviewed and cleared; minor signals only (initiated from a device not seen before).
TXN_0000424,False,0.823,0.16666666666666666,0.5991902834008097,0.6022267206477733,0.42709176788124154,False,deterministic_below_threshold,False,False,False,NEW_DEVICE|KYC_NOT_VERIFIED,Reviewed and cleared; minor signals only (initiated from a device not seen before; customer KYC status is EXPIRED).
TXN_0000061,False,0.98,0.08333333333333333,0.4109311740890688,0.37955465587044535,0.27047908232118756,False,deterministic_below_threshold,False,False,False,NEW_DEVICE,Reviewed and cleared; minor signals only (initiated from a device not seen before).
TXN_0000034,False,0.99,0.08333333333333333,0.24392712550607287,0.4240890688259109,0.23373819163292847,False,deterministic_below_threshold,False,False,False,NEW_DEVICE,Reviewed and cleared; minor signals only (initiated from a device not seen before).
TXN_0000334,False,0.832,0.16666666666666666,0.20242914979757085,0.9686234817813765,0.41798245614035084,False,deterministic_below_threshold,False,False,False,NIGHT_HOURS|NEW_DEVICE,"Reviewed and cleared; minor signals only (occurred at 01:00, outside normal activity hours; initiated from a device not seen before)."
TXN_0000157,True,0.9,0.3333333333333333,0.9078947368421053,0.9180161943319838,0.68110661268556,True,slm,False,False,False,VELOCITY_24H|RAPID_SUCCESSION,"The transaction data indicates a purchase of INR 29.13 from Amazon India, with a distance from home of 1,395.80 km and a time difference of 2.53 minutes from the previous transaction. The high number of transactions in the preceding 24 hours (4) and the short time difference also raise suspicions."
TXN_0000972,False,0.99,0.0,0.305668016194332,0.3431174089068826,0.19463562753036437,False,deterministic_below_threshold,False,False,False,,Consistent with the account's normal transaction pattern; no fraud indicators triggered.
TXN_0000272,False,0.97,0.16666666666666666,0.19433198380566802,0.5161943319838057,0.27982456140350875,False,deterministic_below_threshold,False,False,False,CUSTOMER_HIGH_RISK|KYC_NOT_VERIFIED,Reviewed and cleared; minor signals only (customer carries a HIGH internal risk rating; customer KYC status is EXPIRED).
TXN_0000281,True,0.85,0.3333333333333333,0.9159919028340081,0.7489878542510121,0.6328272604588393,True,slm,False,False,False,FOREIGN_MERCHANT|NIGHT_HOURS,"The transaction occurred at 01:00, outside normal activity hours, and the merchant is in a foreign country (ID) with the customer's home city being Coimbatore, indicating a potential attempt to circumvent local KYC requirements."
TXN_0000355,True,0.9,0.6666666666666666,0.8218623481781376,0.979757085020243,0.8071524966261807,True,slm,False,False,False,HIGH_RISK_CATEGORY|VELOCITY_24H|RAPID_SUCCESSION|NIGHT_HOURS,"The transaction is a high-risk purchase from a merchant category that is typically associated with fraudulent activities, and the fact that it occurred outside normal activity hours and at an unusual time of day further supports this verdict."
TXN_0000730,True,0.95,0.5,0.9544534412955465,0.5455465587044535,0.65,True,slm,False,False,False,FOREIGN_MERCHANT|IMPOSSIBLE_TRAVEL,"The transaction is a withdrawal from an HDFC ATM in Panama City, which is outside the customer's home country, and the card is physically present 7,083 km from home."
TXN_0000868,True,0.9,0.75,0.9736842105263158,0.7408906882591093,0.8143724696356276,True,slm,True,False,False,FOREIGN_MERCHANT|HIGH_RISK_CATEGORY|NIGHT_HOURS|NEW_DEVICE|KYC_NOT_VERIFIED,"The transaction is from a high-risk merchant category (MONEY_TRANSFER) in a foreign country (AE), with a suspicious device type (IOS) and a high distance from home, indicating potential fraud."
TXN_0000832,False,0.902,0.0,0.5759109311740891,0.582995951417004,0.3476720647773279,False,deterministic_below_threshold,False,False,False,,Consistent with the account's normal transaction pattern; no fraud indicators triggered.
TXN_0000260,False,0.973,0.08333333333333333,0.4645748987854251,0.34615384615384615,0.2765519568151147,False,deterministic_below_threshold,False,False,False,NEW_DEVICE,Reviewed and cleared; minor signals only (initiated from a device not seen before).
TXN_0000594,True,0.85,0.3333333333333333,0.8431174089068826,0.8744939271255061,0.64861673414305,True,slm,False,False,False,AMOUNT_RATIO_HIGH|NEW_DEVICE|CUSTOMER_HIGH_RISK,"The transaction is an unauthorized transfer of ₹16,671.30 from the account with a balance of ₹20,684.04, which is 27.38 times the account average. The transaction was initiated from an Android device not seen before, and the customer's high internal risk rating."
TXN_0000586,False,0.682,0.25,0.9139676113360324,0.6447368421052632,0.5676113360323887,False,deterministic_below_threshold,False,False,False,NEW_DEVICE|CUSTOMER_HIGH_RISK|KYC_NOT_VERIFIED,Reviewed and cleared; minor signals only (initiated from a device not seen before; customer carries a HIGH internal risk rating).
TXN_0000083,False,0.807,0.08333333333333333,0.6477732793522267,0.7186234817813765,0.4432523616734143,False,deterministic_below_threshold,False,False,False,NIGHT_HOURS,"Reviewed and cleared; minor signals only (occurred at 01:00, outside normal activity hours)."
TXN_0000798,False,0.698,0.25,0.8248987854251012,0.680161943319838,0.5515182186234817,False,deterministic_below_threshold,False,False,False,BALANCE_NEGATIVE|CUSTOMER_HIGH_RISK|KYC_NOT_VERIFIED,Reviewed and cleared; minor signals only (drove the account balance negative; customer carries a HIGH internal risk rating).
TXN_0000774,False,0.974,0.16666666666666666,0.5718623481781376,0.12449392712550607,0.2755735492577598,False,deterministic_below_threshold,False,False,False,NEW_DEVICE|CUSTOMER_HIGH_RISK,Reviewed and cleared; minor signals only (initiated from a device not seen before; customer carries a HIGH internal risk rating).
TXN_0000880,False,0.748,0.3333333333333333,0.3765182186234818,0.8532388663967612,0.5022604588394062,False,deterministic_below_threshold,False,False,False,NO_AUTH_HIGH_VALUE|NEW_DEVICE,"Reviewed and cleared; minor signals only (no authentication on a 22,638 INR transaction; initiated from a device not seen before)."
TXN_0000824,True,0.9,0.25,0.6538461538461539,0.9827935222672065,0.590991902834008,True,slm,False,False,False,HIGH_RISK_CATEGORY,"The transaction is a purchase from BetKing Online, a high-risk merchant category, with a significant amount (INR 1400.90) compared to the account average (x = 3.20), indicating a potential anomaly."
TXN_0000277,False,0.858,0.08333333333333333,0.729757085020243,0.46558704453441296,0.3919365721997301,False,deterministic_below_threshold,False,False,False,NEW_DEVICE,Reviewed and cleared; minor signals only (initiated from a device not seen before).
TXN_0000211,False,0.932,0.16666666666666666,0.298582995951417,0.5394736842105263,0.3180836707152497,False,deterministic_below_threshold,False,False,False,CUSTOMER_HIGH_RISK|KYC_NOT_VERIFIED,Reviewed and cleared; minor signals only (customer carries a HIGH internal risk rating; customer KYC status is PENDING).
TXN_0000813,False,0.99,0.0,0.03744939271255061,0.31275303643724695,0.10506072874493927,False,deterministic_below_threshold,False,False,False,,Consistent with the account's normal transaction pattern; no fraud indicators triggered.
TXN_0000298,False,0.679,0.4166666666666667,0.569838056680162,0.77834008097166,0.5711201079622132,False,deterministic_below_threshold,False,False,False,IMPOSSIBLE_TRAVEL|NEW_DEVICE|BALANCE_NEGATIVE,"Reviewed and cleared; minor signals only (card physically present 1,355 km from home; initiated from a device not seen before)."
TXN_0000065,False,0.929,0.08333333333333333,0.38360323886639675,0.5759109311740891,0.32118758434547906,False,deterministic_below_threshold,False,False,False,NEW_DEVICE,Reviewed and cleared; minor signals only (initiated from a device not seen before).
TXN_0000512,False,0.99,0.0,0.01720647773279352,0.1700404858299595,0.05617408906882591,False,deterministic_below_threshold,False,False,False,,Consistent with the account's normal transaction pattern; no fraud indicators triggered.
TXN_0000430,False,0.99,0.0,0.10425101214574899,0.10425101214574899,0.06255060728744939,False,deterministic_below_threshold,False,False,False,,Consistent with the account's normal transaction pattern; no fraud indicators triggered.
TXN_0000643,True,0.99,0.4166666666666667,0.9605263157894737,0.9868421052631579,0.7508771929824561,True,slm,False,False,False,IMPOSSIBLE_TRAVEL|NIGHT_HOURS|NEW_DEVICE,"The transaction is a withdrawal of ₹8,294.23 from an HDFC ATM account, located 864 km from the customer's home city of Indore, at an unusual time of 01:00 outside normal activity hours, and initiated from an unknown device."
TXN_0000117,False,0.824,0.16666666666666666,0.548582995951417,0.6487854251012146,0.4258771929824562,False,deterministic_below_threshold,False,False,False,NEW_DEVICE|KYC_NOT_VERIFIED,Reviewed and cleared; minor signals only (initiated from a device not seen before; customer KYC status is EXPIRED).
TXN_0000195,False,0.99,0.08333333333333333,0.0931174089068826,0.14676113360323886,0.10529689608636977,False,deterministic_below_threshold,False,False,False,NEW_DEVICE,Reviewed and cleared; minor signals only (initiated from a device not seen before).
TXN_0000339,False,0.84,0.25,0.638663967611336,0.39473684210526316,0.41002024291497974,False,deterministic_below_threshold,False,False,False,IMPOSSIBLE_TRAVEL,"Reviewed and cleared; minor signals only (card physically present 1,252 km from home)."
TXN_0000941,False,0.73,0.25,0.5809716599190283,0.8188259109311741,0.5199392712550608,False,deterministic_below_threshold,False,False,False,AMOUNT_RATIO_HIGH|BALANCE_NEGATIVE,Reviewed and cleared; minor signals only (amount is 25.6x the account average; drove the account balance negative).
TXN_0000616,False,0.99,0.0,0.10121457489878542,0.3582995951417004,0.13785425101214574,False,deterministic_below_threshold,False,False,False,,Consistent with the account's normal transaction pattern; no fraud indicators triggered.
TXN_0000035,False,0.99,0.0,0.07388663967611336,0.36639676113360325,0.132085020242915,False,deterministic_below_threshold,False,False,False,,Consistent with the account's normal transaction pattern; no fraud indicators triggered.
TXN_0000284,False,0.99,0.08333333333333333,0.17813765182186234,0.008097165991902834,0.08920377867746289,False,deterministic_below_threshold,False,False,False,KYC_NOT_VERIFIED,Reviewed and cleared; minor signals only (customer KYC status is PENDING).
TXN_0000911,False,0.972,0.16666666666666666,0.5384615384615384,0.16497975708502025,0.2776990553306342,False,deterministic_below_threshold,False,False,False,CUSTOMER_HIGH_RISK|KYC_NOT_VERIFIED,Reviewed and cleared; minor signals only (customer carries a HIGH internal risk rating; customer KYC status is PENDING).
TXN_0000104,False,0.99,0.08333333333333333,0.1791497975708502,0.19230769230769232,0.1447705802968961,False,deterministic_below_threshold,False,False,False,NEW_DEVICE,Reviewed and cleared; minor signals only (initiated from a device not seen before).
TXN_0000473,False,0.859,0.0,0.6761133603238867,0.6275303643724697,0.3910931174089069,False,deterministic_below_threshold,False,False,False,,Consistent with the account's normal transaction pattern; no fraud indicators triggered.
TXN_0000727,False,0.99,0.0,0.45445344129554655,0.18724696356275303,0.19251012145748986,False,deterministic_below_threshold,False,False,False,,Consistent with the account's normal transaction pattern; no fraud indicators triggered.
TXN_0000773,False,0.856,0.08333333333333333,0.5080971659919028,0.6953441295546559,0.3943657219973009,False,deterministic_below_threshold,False,False,False,NEW_DEVICE,Reviewed and cleared; minor signals only (initiated from a device not seen before).
TXN_0000044,False,0.99,0.0,0.23582995951417005,0.48785425101214575,0.21710526315789475,False,deterministic_below_threshold,False,False,False,,Consistent with the account's normal transaction pattern; no fraud indicators triggered.
TXN_0000833,False,0.945,0.0,0.4180161943319838,0.597165991902834,0.30455465587044533,False,deterministic_below_threshold,False,False,False,,Consistent with the account's normal transaction pattern; no fraud indicators triggered.
TXN_0000184,False,0.99,0.0,0.027327935222672066,0.08906882591093117,0.03491902834008097,False,deterministic_below_threshold,False,False,False,,Consistent with the account's normal transaction pattern; no fraud indicators triggered.
TXN_0000508,False,0.845,0.0,0.6437246963562753,0.7064777327935222,0.40506072874493926,False,deterministic_below_threshold,False,False,False,,Consistent with the account's normal transaction pattern; no fraud indicators triggered.
TXN_0000716,False,0.94,0.08333333333333333,0.2165991902834008,0.7054655870445344,0.3099527665317139,False,deterministic_below_threshold,False,False,False,BALANCE_NEGATIVE,Reviewed and cleared; minor signals only (drove the account balance negative).
TXN_0000785,False,0.99,0.08333333333333333,0.37955465587044535,0.07995951417004049,0.1711875843454791,False,deterministic_below_threshold,False,False,False,CUSTOMER_HIGH_RISK,Reviewed and cleared; minor signals only (customer carries a HIGH internal risk rating).
TXN_0000799,False,0.885,0.16666666666666666,0.6497975708502024,0.3451417004048583,0.36514844804318486,False,deterministic_below_threshold,False,False,False,CUSTOMER_HIGH_RISK|KYC_NOT_VERIFIED,Reviewed and cleared; minor signals only (customer carries a HIGH internal risk rating; customer KYC status is PENDING).
TXN_0000029,False,0.863,0.08333333333333333,0.7965587044534413,0.38360323886639675,0.38738191632928476,False,deterministic_below_threshold,False,False,False,NEW_DEVICE,Reviewed and cleared; minor signals only (initiated from a device not seen before).
TXN_0000784,False,0.971,0.0,0.1811740890688259,0.75,0.27935222672064774,False,deterministic_below_threshold,False,False,False,,Consistent with the account's normal transaction pattern; no fraud indicators triggered.
TXN_0000629,False,0.99,0.08333333333333333,0.42206477732793524,0.03643724696356275,0.17088394062078271,False,deterministic_below_threshold,False,False,False,CUSTOMER_HIGH_RISK,Reviewed and cleared; minor signals only (customer carries a HIGH internal risk rating).
TXN_0000289,False,0.99,0.16666666666666666,0.25809716599190285,0.16295546558704455,0.1929824561403509,False,deterministic_below_threshold,False,False,False,VELOCITY_24H,Reviewed and cleared; minor signals only (3 transactions in the preceding 24h).
TXN_0000033,False,0.99,0.0,0.42813765182186236,0.2894736842105263,0.21528340080971659,False,deterministic_below_threshold,False,False,False,,Consistent with the account's normal transaction pattern; no fraud indicators triggered.
TXN_0000027,False,0.99,0.0,0.43623481781376516,0.2975708502024291,0.22014170040485825,False,deterministic_below_threshold,False,False,False,,Consistent with the account's normal transaction pattern; no fraud indicators triggered.
TXN_0000425,False,0.898,0.16666666666666666,0.3097165991902834,0.6417004048582996,0.3520917678812415,False,deterministic_below_threshold,False,False,False,NEW_DEVICE|KYC_NOT_VERIFIED,Reviewed and cleared; minor signals only (initiated from a device not seen before; customer KYC status is EXPIRED).
TXN_0000538,False,0.744,0.16666666666666666,0.5253036437246964,0.9392712550607287,0.5060391363022942,False,deterministic_below_threshold,False,False,False,CUSTOMER_HIGH_RISK|KYC_NOT_VERIFIED,Reviewed and cleared; minor signals only (customer carries a HIGH internal risk rating; customer KYC status is PENDING).
TXN_0000514,False,0.99,0.0,0.04048582995951417,0.305668016194332,0.10384615384615385,False,deterministic_below_threshold,False,False,False,,Consistent with the account's normal transaction pattern; no fraud indicators triggered.
TXN_0000637,False,0.828,0.08333333333333333,0.8623481781376519,0.43218623481781376,0.421693657219973,False,deterministic_below_threshold,False,False,False,NEW_DEVICE,Reviewed and cleared; minor signals only (initiated from a device not seen before).
TXN_0000247,False,0.956,0.08333333333333333,0.35121457489878544,0.5182186234817814,0.2941632928475034,False,deterministic_below_threshold,False,False,False,NEW_DEVICE,Reviewed and cleared; minor signals only (initiated from a device not seen before).
TXN_0000840,False,0.99,0.0,0.15182186234817813,0.659919028340081,0.2435222672064777,False,deterministic_below_threshold,False,False,False,,Consistent with the account's normal transaction pattern; no fraud indicators triggered.
TXN_0000973,True,0.9,0.4166666666666667,0.7064777327935222,0.9018218623481782,0.6491565452091768,True,slm,False,False,False,IMPOSSIBLE_TRAVEL|CUSTOMER_HIGH_RISK|KYC_NOT_VERIFIED,The customer's high internal risk rating and expired KYC status indicate a high likelihood of fraudulent activity.
TXN_0000525,False,0.694,0.3333333333333333,0.5506072874493927,0.8593117408906883,0.5563090418353576,False,deterministic_below_threshold,False,False,False,AMOUNT_RATIO_EXTREME|NIGHT_HOURS,"Reviewed and cleared; minor signals only (amount is 67x the account average; occurred at 05:00, outside normal activity hours)."
TXN_0000231,False,0.877,0.16666666666666666,0.75,0.2722672064777328,0.37334682860998647,False,deterministic_below_threshold,False,False,False,CUSTOMER_HIGH_RISK|KYC_NOT_VERIFIED,Reviewed and cleared; minor signals only (customer carries a HIGH internal risk rating; customer KYC status is EXPIRED).
TXN_0000275,False,0.99,0.0,0.5394736842105263,0.12651821862348178,0.19979757085020244,False,deterministic_below_threshold,False,False,False,,Consistent with the account's normal transaction pattern; no fraud indicators triggered.
TXN_0000558,False,0.915,0.0,0.2611336032388664,0.854251012145749,0.33461538461538465,False,deterministic_below_threshold,False,False,False,,Consistent with the account's normal transaction pattern; no fraud indicators triggered.
TXN_0000159,False,0.99,0.08333333333333333,0.4089068825910931,0.044534412955465584,0.16936572199730093,False,deterministic_below_threshold,False,False,False,NEW_DEVICE,Reviewed and cleared; minor signals only (initiated from a device not seen before).
TXN_0000124,False,0.99,0.0,0.3441295546558704,0.4423076923076923,0.23593117408906883,False,deterministic_below_threshold,False,False,False,,Consistent with the account's normal transaction pattern; no fraud indicators triggered.
TXN_0000583,False,0.99,0.08333333333333333,0.3248987854251012,0.06781376518218624,0.15114709851551955,False,deterministic_below_threshold,False,False,False,CUSTOMER_HIGH_RISK,Reviewed and cleared; minor signals only (customer carries a HIGH internal risk rating).
TXN_0000410,True,0.95,0.5,0.6983805668016194,0.9504048582995951,0.6946356275303643,True,slm,False,False,False,NO_AUTH_HIGH_VALUE|IMPOSSIBLE_TRAVEL,"The presence of a high amount (32,607 INR) and the card being physically present 627 km from home, despite being in a foreign country, indicate a potential fraudulent transaction."
TXN_0000086,False,0.99,0.16666666666666666,0.01417004048582996,0.04959514170040486,0.0857962213225371,False,deterministic_below_threshold,False,False,False,NEW_DEVICE|CUSTOMER_HIGH_RISK,Reviewed and cleared; minor signals only (initiated from a device not seen before; customer carries a HIGH internal risk rating).
TXN_0000645,False,0.851,0.0,0.5465587044534413,0.7834008097165992,0.39898785425101213,False,deterministic_below_threshold,False,False,False,,Consistent with the account's normal transaction pattern; no fraud indicators triggered.
TXN_0000024,False,0.892,0.16666666666666666,0.444331983805668,0.5273279352226721,0.35816464237516865,False,deterministic_below_threshold,False,False,False,VELOCITY_24H,Reviewed and cleared; minor signals only (3 transactions in the preceding 24h).
TXN_0000783,False,0.99,0.16666666666666666,0.23481781376518218,0.22672064777327935,0.20512820512820512,False,deterministic_below_threshold,False,False,False,NEW_DEVICE|CUSTOMER_HIGH_RISK,Reviewed and cleared; minor signals only (initiated from a device not seen before; customer carries a HIGH internal risk rating).
TXN_0000228,True,0.9,0.75,0.9888663967611336,0.9979757085020243,0.8960526315789474,True,slm,True,False,False,FOREIGN_MERCHANT|HIGH_RISK_CATEGORY|NIGHT_HOURS|NEW_DEVICE|BALANCE_NEGATIVE,"The transaction is a high-risk transfer from a foreign merchant category to an account in a foreign country, occurring outside normal activity hours, and initiated from an unknown device."
TXN_0000409,False,0.889,0.08333333333333333,0.4797570850202429,0.611336032388664,0.3606612685560054,False,deterministic_below_threshold,False,False,False,BALANCE_NEGATIVE,Reviewed and cleared; minor signals only (drove the account balance negative).
TXN_0000135,False,0.798,0.08333333333333333,0.8360323886639676,0.5587044534412956,0.45175438596491224,False,deterministic_below_threshold,False,False,False,NEW_DEVICE,Reviewed and cleared; minor signals only (initiated from a device not seen before).
TXN_0000077,False,0.819,0.08333333333333333,0.9281376518218624,0.3977732793522267,0.43110661268556005,False,deterministic_below_threshold,False,False,False,NEW_DEVICE,Reviewed and cleared; minor signals only (initiated from a device not seen before).
TXN_0000336,True,0.68,0.4166666666666667,0.868421052631579,0.8441295546558705,0.6804318488529015,True,slm,False,False,False,HIGH_RISK_CATEGORY|CUSTOMER_HIGH_RISK|KYC_NOT_VERIFIED,"The transaction is a purchase from a high-risk merchant category, and the customer's high internal risk rating and pending KYC status indicate a high likelihood of fraudulent activity."
TXN_0000097,False,0.99,0.25,0.19129554655870445,0.027327935222672066,0.16558704453441295,False,deterministic_below_threshold,False,False,False,NEW_DEVICE|CUSTOMER_HIGH_RISK|KYC_NOT_VERIFIED,Reviewed and cleared; minor signals only (initiated from a device not seen before; customer carries a HIGH internal risk rating).
TXN_0000511,False,0.765,0.08333333333333333,0.6730769230769231,0.8340080971659919,0.4854588394062078,False,deterministic_below_threshold,False,False,False,NEW_DEVICE,Reviewed and cleared; minor signals only (initiated from a device not seen before).
TXN_0000262,False,0.988,0.08333333333333333,0.3066801619433198,0.4564777327935223,0.262280701754386,False,deterministic_below_threshold,False,False,False,NEW_DEVICE,Reviewed and cleared; minor signals only (initiated from a device not seen before).
TXN_0000635,False,0.99,0.3333333333333333,0.2054655870445344,0.13765182186234817,0.23626855600539812,False,deterministic_below_threshold,False,False,False,VELOCITY_24H|NIGHT_HOURS|CUSTOMER_HIGH_RISK,"Reviewed and cleared; minor signals only (3 transactions in the preceding 24h; occurred at 04:00, outside normal activity hours)."
TXN_0000139,False,0.755,0.25,0.7196356275303644,0.5961538461538461,0.49473684210526314,False,deterministic_below_threshold,False,False,False,IMPOSSIBLE_TRAVEL,Reviewed and cleared; minor signals only (card physically present 874 km from home).
TXN_0000630,False,0.819,0.16666666666666666,0.8603238866396761,0.354251012145749,0.4310391363022942,False,deterministic_below_threshold,False,False,False,CUSTOMER_HIGH_RISK|KYC_NOT_VERIFIED,Reviewed and cleared; minor signals only (customer carries a HIGH internal risk rating; customer KYC status is PENDING).
TXN_0000504,False,0.99,0.08333333333333333,0.022267206477732792,0.18218623481781376,0.0946693657219973,False,deterministic_below_threshold,False,False,False,NEW_DEVICE,Reviewed and cleared; minor signals only (initiated from a device not seen before).
TXN_0000533,False,0.974,0.25,0.2074898785425101,0.3785425101214575,0.2758097165991903,False,deterministic_below_threshold,False,False,False,NO_AUTH_HIGH_VALUE,"Reviewed and cleared; minor signals only (no authentication on a 27,533 INR transaction)."
TXN_0000777,True,0.64,0.4166666666666667,0.9473684210526315,0.6224696356275303,0.6376180836707153,True,slm,False,False,False,FOREIGN_MERCHANT|NIGHT_HOURS|NEW_DEVICE,"The transaction is an unauthorized transfer from a current account to a merchant in Ukraine, occurring outside normal activity hours and initiated from a device not seen before."
TXN_0000483,False,0.99,0.0,0.3006072874493927,0.015182186234817813,0.09473684210526315,False,deterministic_below_threshold,False,False,False,,Consistent with the account's normal transaction pattern; no fraud indicators triggered.
TXN_0000331,False,0.928,0.08333333333333333,0.6224696356275303,0.3390688259109312,0.32179487179487176,False,deterministic_below_threshold,False,False,False,NIGHT_HOURS,"Reviewed and cleared; minor signals only (occurred at 01:00, outside normal activity hours)."
TXN_0000607,False,0.99,0.08333333333333333,0.39878542510121456,0.24696356275303644,0.22705802968960861,False,deterministic_below_threshold,False,False,False,NIGHT_HOURS,"Reviewed and cleared; minor signals only (occurred at 02:00, outside normal activity hours)."
TXN_0000300,False,0.99,0.0,0.12753036437246965,0.19129554655870445,0.09564777327935223,False,deterministic_below_threshold,False,False,False,,Consistent with the account's normal transaction pattern; no fraud indicators triggered.
TXN_0000763,False,0.99,0.16666666666666666,0.08299595141700405,0.4058704453441296,0.21332658569500673,False,deterministic_below_threshold,False,False,False,AMOUNT_RATIO_HIGH,Reviewed and cleared; minor signals only (amount is 34.2x the account average).
TXN_0000052,False,0.711,0.25,0.9433198380566802,0.520242914979757,0.5390688259109312,False,deterministic_below_threshold,False,False,False,NEW_DEVICE|CUSTOMER_HIGH_RISK|KYC_NOT_VERIFIED,Reviewed and cleared; minor signals only (initiated from a device not seen before; customer carries a HIGH internal risk rating).
TXN_0000544,False,0.99,0.0,0.0708502024291498,0.23178137651821862,0.09078947368421053,False,deterministic_below_threshold,False,False,False,,Consistent with the account's normal transaction pattern; no fraud indicators triggered.
TXN_0000386,True,0.95,0.8333333333333334,0.9838056680161943,0.7348178137651822,0.8489203778677463,True,slm,True,False,False,FOREIGN_MERCHANT|HIGH_RISK_CATEGORY|NIGHT_HOURS|NEW_DEVICE|CUSTOMER_HIGH_RISK|KYC_NOT_VERIFIED,"The transaction is a failed transfer of $24,656.64 from QuickCash Wire Ltd, a high-risk merchant category, to the customer's savings account, which is located in Nigeria, outside the customer's home country, and initiated at an unusual time."
TXN_0000257,False,0.85,0.3333333333333333,0.6568825910931174,0.868421052631579,0.5909244264507423,True,slm,False,False,False,AMOUNT_RATIO_EXTREME|CUSTOMER_HIGH_RISK,"The transaction amount (INR 1776.82) is 71 times the account average (INR 20,684.04), indicating a potential high-value transaction."
TXN_0000413,False,0.956,0.08333333333333333,0.5637651821862348,0.30364372469635625,0.29355600539811066,False,deterministic_below_threshold,False,False,False,NEW_DEVICE,Reviewed and cleared; minor signals only (initiated from a device not seen before).
TXN_0000423,False,0.772,0.3333333333333333,0.6376518218623481,0.5101214574898786,0.4776653171390013,False,deterministic_below_threshold,False,False,False,IMPOSSIBLE_TRAVEL|NEW_DEVICE,Reviewed and cleared; minor signals only (card physically present 908 km from home; initiated from a device not seen before).
TXN_0000646,False,0.801,0.16666666666666666,0.9493927125506073,0.32388663967611336,0.4486504723346828,False,deterministic_below_threshold,False,False,False,NEW_DEVICE|KYC_NOT_VERIFIED,Reviewed and cleared; minor signals only (initiated from a device not seen before; customer KYC status is EXPIRED).
TXN_0000899,False,0.99,0.16666666666666666,0.2783400809716599,0.07692307692307693,0.17324561403508773,False,deterministic_below_threshold,False,False,False,VELOCITY_24H,Reviewed and cleared; minor signals only (3 transactions in the preceding 24h).
TXN_0000486,False,0.99,0.08333333333333333,0.19736842105263158,0.49291497975708504,0.2404183535762483,False,deterministic_below_threshold,False,False,False,NEW_DEVICE,Reviewed and cleared; minor signals only (initiated from a device not seen before).
TXN_0000611,False,0.99,0.0,0.2935222672064777,0.3896761133603239,0.2049595141700405,False,deterministic_below_threshold,False,False,False,,Consistent with the account's normal transaction pattern; no fraud indicators triggered.
TXN_0000203,False,0.865,0.16666666666666666,0.42611336032388664,0.6336032388663968,0.3845816464237517,False,deterministic_below_threshold,False,False,False,CUSTOMER_HIGH_RISK|KYC_NOT_VERIFIED,Reviewed and cleared; minor signals only (customer carries a HIGH internal risk rating; customer KYC status is EXPIRED).
TXN_0000101,False,0.99,0.08333333333333333,0.018218623481781375,0.04757085020242915,0.05307017543859649,False,deterministic_below_threshold,False,False,False,CUSTOMER_HIGH_RISK,Reviewed and cleared; minor signals only (customer carries a HIGH internal risk rating).
TXN_0000356,False,0.749,0.25,0.7186234817813765,0.6194331983805668,0.501417004048583,False,deterministic_below_threshold,False,False,False,AMOUNT_RATIO_HIGH|NEW_DEVICE,Reviewed and cleared; minor signals only (amount is 18.0x the account average; initiated from a device not seen before).
TXN_0000843,False,0.99,0.16666666666666666,0.08704453441295547,0.11740890688259109,0.12800269905533063,False,deterministic_below_threshold,False,False,False,AMOUNT_RATIO_HIGH,Reviewed and cleared; minor signals only (amount is 15.7x the account average).
TXN_0000555,False,0.99,0.0,0.22064777327935223,0.14979757085020243,0.1111336032388664,False,deterministic_below_threshold,False,False,False,,Consistent with the account's normal transaction pattern; no fraud indicators triggered.
TXN_0000091,False,0.839,0.0,0.5313765182186235,0.8370445344129555,0.41052631578947374,False,deterministic_below_threshold,False,False,False,,Consistent with the account's normal transaction pattern; no fraud indicators triggered.
TXN_0000622,False,0.99,0.08333333333333333,0.3208502024291498,0.22267206477732793,0.19639001349527666,False,deterministic_below_threshold,False,False,False,CUSTOMER_HIGH_RISK,Reviewed and cleared; minor signals only (customer carries a HIGH internal risk rating).
TXN_0000314,False,0.85,0.08333333333333333,0.8410931174089069,0.3815789473684211,0.40013495276653166,False,deterministic_below_threshold,False,False,False,NIGHT_HOURS,"Reviewed and cleared; minor signals only (occurred at 00:00, outside normal activity hours)."
TXN_0000474,False,0.851,0.16666666666666666,0.7864372469635628,0.32186234817813764,0.39915654520917676,False,deterministic_below_threshold,False,False,False,NEW_DEVICE|KYC_NOT_VERIFIED,Reviewed and cleared; minor signals only (initiated from a device not seen before; customer KYC status is PENDING).
TXN_0000681,False,0.99,0.0,0.48582995951417,0.29959514170040485,0.23562753036437245,False,deterministic_below_threshold,False,False,False,,Consistent with the account's normal transaction pattern; no fraud indicators triggered.
TXN_0000045,False,0.95,0.08333333333333333,0.29959514170040485,0.5890688259109311,0.2999325236167341,False,deterministic_below_threshold,False,False,False,NEW_DEVICE,Reviewed and cleared; minor signals only (initiated from a device not seen before).
TXN_0000193,False,0.856,0.16666666666666666,0.5799595141700404,0.5111336032388664,0.3939946018893387,False,deterministic_below_threshold,False,False,False,CUSTOMER_HIGH_RISK|KYC_NOT_VERIFIED,Reviewed and cleared; minor signals only (customer carries a HIGH internal risk rating; customer KYC status is EXPIRED).
TXN_0000756,False,0.963,0.08333333333333333,0.2874493927125506,0.5597165991902834,0.28748313090418354,False,deterministic_below_threshold,False,False,False,NEW_DEVICE,Reviewed and cleared; minor signals only (initiated from a device not seen before).
TXN_0000442,True,0.9,0.16666666666666666,0.9665991902834008,0.9190283400809717,0.6323549257759784,True,slm,False,False,False,NEW_DEVICE|CUSTOMER_HIGH_RISK,"The transaction data indicates a payment from Jio Recharge to an account with a high risk rating, despite the device type being Android and the customer being from Kochi. The absence of a card present and the high distance from home also raise suspicions."
TXN_0000433,False,0.866,0.16666666666666666,0.22672064777327935,0.8299595141700404,0.38367071524966256,False,deterministic_below_threshold,False,False,False,NIGHT_HOURS|NEW_DEVICE,"Reviewed and cleared; minor signals only (occurred at 02:00, outside normal activity hours; initiated from a device not seen before)."
TXN_0000725,False,0.773,0.16666666666666666,0.6396761133603239,0.7277327935222672,0.476889338731444,False,deterministic_below_threshold,False,False,False,NIGHT_HOURS|NEW_DEVICE,"Reviewed and cleared; minor signals only (occurred at 02:00, outside normal activity hours; initiated from a device not seen before)."
TXN_0000023,False,0.99,0.08333333333333333,0.2257085020242915,0.43724696356275305,0.2322199730094467,False,deterministic_below_threshold,False,False,False,NIGHT_HOURS,"Reviewed and cleared; minor signals only (occurred at 05:00, outside normal activity hours)."
TXN_0000689,False,0.824,0.25,0.5232793522267206,0.5647773279352226,0.42641700404858296,False,deterministic_below_threshold,False,False,False,VELOCITY_24H|NIGHT_HOURS,"Reviewed and cleared; minor signals only (3 transactions in the preceding 24h; occurred at 03:00, outside normal activity hours)."
TXN_0000530,False,0.99,0.0,0.17105263157894737,0.33805668016194335,0.1527327935222672,False,deterministic_below_threshold,False,False,False,,Consistent with the account's normal transaction pattern; no fraud indicators triggered.
TXN_0000688,False,0.862,0.16666666666666666,0.6690283400809717,0.402834008097166,0.38822537112010796,False,deterministic_below_threshold,False,False,False,NIGHT_HOURS|NEW_DEVICE,"Reviewed and cleared; minor signals only (occurred at 03:00, outside normal activity hours; initiated from a device not seen before)."
TXN_0000638,False,0.897,0.0,0.49898785425101216,0.6761133603238867,0.35253036437246965,False,deterministic_below_threshold,False,False,False,,Consistent with the account's normal transaction pattern; no fraud indicators triggered.
TXN_0000553,False,0.99,0.08333333333333333,0.3309716599190283,0.2732793522267207,0.214608636977058,False,deterministic_below_threshold,False,False,False,NIGHT_HOURS,"Reviewed and cleared; minor signals only (occurred at 00:00, outside normal activity hours)."
TXN_0000118,False,0.879,0.08333333333333333,0.5101214574898786,0.6163967611336032,0.3712887989203778,False,deterministic_below_threshold,False,False,False,NEW_DEVICE,Reviewed and cleared; minor signals only (initiated from a device not seen before).
TXN_0000513,False,0.99,0.0,0.29554655870445345,0.507085020242915,0.24078947368421055,False,deterministic_below_threshold,False,False,False,,Consistent with the account's normal transaction pattern; no fraud indicators triggered.
TXN_0000698,False,0.95,0.0,0.45546558704453444,0.5435222672064778,0.29969635627530367,False,deterministic_below_threshold,False,False,False,,Consistent with the account's normal transaction pattern; no fraud indicators triggered.
TXN_0000906,False,0.707,0.08333333333333333,0.8269230769230769,0.8724696356275303,0.5431511470985155,False,deterministic_below_threshold,False,False,False,NEW_DEVICE,Reviewed and cleared; minor signals only (initiated from a device not seen before).
TXN_0000518,False,0.99,0.0,0.3168016194331984,0.3006072874493927,0.18522267206477733,False,deterministic_below_threshold,False,False,False,,Consistent with the account's normal transaction pattern; no fraud indicators triggered.
TXN_0000031,False,0.941,0.08333333333333333,0.8319838056680162,0.0860323886639676,0.3087381916329285,False,deterministic_below_threshold,False,False,False,NEW_DEVICE,Reviewed and cleared; minor signals only (initiated from a device not seen before).
TXN_0000055,False,0.99,0.25,0.16396761133603238,0.0931174089068826,0.1771255060728745,False,deterministic_below_threshold,False,False,False,AMOUNT_RATIO_HIGH|NEW_DEVICE,Reviewed and cleared; minor signals only (amount is 13.7x the account average; initiated from a device not seen before).
TXN_0000746,False,0.771,0.0,0.7024291497975709,0.8927125506072875,0.47854251012145754,False,deterministic_below_threshold,False,False,False,,Consistent with the account's normal transaction pattern; no fraud indicators triggered.
TXN_0000654,False,0.99,0.0,0.09412955465587045,0.12449392712550607,0.06558704453441294,False,deterministic_below_threshold,False,False,False,,Consistent with the account's normal transaction pattern; no fraud indicators triggered.
TXN_0000471,False,0.747,0.16666666666666666,0.5678137651821862,0.8876518218623481,0.503306342780027,False,deterministic_below_threshold,False,False,False,NIGHT_HOURS|BALANCE_NEGATIVE,"Reviewed and cleared; minor signals only (occurred at 03:00, outside normal activity hours; drove the account balance negative)."
TXN_0000935,False,0.886,0.16666666666666666,0.3026315789473684,0.687246963562753,0.36363022941970313,False,deterministic_below_threshold,False,False,False,NIGHT_HOURS|NEW_DEVICE,"Reviewed and cleared; minor signals only (occurred at 04:00, outside normal activity hours; initiated from a device not seen before)."
TXN_0000199,False,0.756,0.16666666666666666,0.7510121457489879,0.6740890688259109,0.49419703103913626,False,deterministic_below_threshold,False,False,False,NEW_DEVICE|KYC_NOT_VERIFIED,Reviewed and cleared; minor signals only (initiated from a device not seen before; customer KYC status is EXPIRED).
TXN_0000144,False,0.99,0.0,0.11538461538461539,0.37955465587044535,0.1484817813765182,False,deterministic_below_threshold,False,False,False,,Consistent with the account's normal transaction pattern; no fraud indicators triggered.
TXN_0000456,False,0.99,0.16666666666666666,0.2550607287449393,0.00708502024291498,0.14531039136302293,False,deterministic_below_threshold,False,False,False,CUSTOMER_HIGH_RISK|KYC_NOT_VERIFIED,Reviewed and cleared; minor signals only (customer carries a HIGH internal risk rating; customer KYC status is PENDING).
TXN_0000721,False,0.99,0.08333333333333333,0.038461538461538464,0.1194331983805668,0.08070175438596491,False,deterministic_below_threshold,False,False,False,NEW_DEVICE,Reviewed and cleared; minor signals only (initiated from a device not seen before).
TXN_0000450,False,0.99,0.08333333333333333,0.507085020242915,0.029352226720647773,0.19426450742240217,False,deterministic_below_threshold,False,False,False,NEW_DEVICE,Reviewed and cleared; minor signals only (initiated from a device not seen before).
TXN_0000400,True,0.8,0.25,0.728744939271255,0.944331983805668,0.6019230769230769,True,slm,False,False,False,HIGH_RISK_CATEGORY,"The transaction is a high-risk purchase from a merchant category of GAMBLING, which is flagged as suspicious."
TXN_0000312,False,0.99,0.16666666666666666,0.4392712550607287,0.10222672064777327,0.22911605937921728,False,deterministic_below_threshold,False,False,False,CUSTOMER_HIGH_RISK|KYC_NOT_VERIFIED,Reviewed and cleared; minor signals only (customer carries a HIGH internal risk rating; customer KYC status is EXPIRED).
TXN_0000521,False,0.949,0.08333333333333333,0.6244939271255061,0.26619433198380565,0.30053981106612687,False,deterministic_below_threshold,False,False,False,NIGHT_HOURS,"Reviewed and cleared; minor signals only (occurred at 02:00, outside normal activity hours)."
TXN_0000867,False,0.704,0.4166666666666667,0.41700404858299595,0.8481781376518218,0.546221322537112,False,deterministic_below_threshold,False,False,False,NO_AUTH_HIGH_VALUE|AMOUNT_RATIO_HIGH,"Reviewed and cleared; minor signals only (no authentication on a 138,244 INR transaction; amount is 23.6x the account average)."
TXN_0000671,False,0.762,0.0,0.7257085020242915,0.8997975708502024,0.4876518218623482,False,deterministic_below_threshold,False,False,False,,Consistent with the account's normal transaction pattern; no fraud indicators triggered.
TXN_0000604,False,0.99,0.0,0.3228744939271255,0.1396761133603239,0.13876518218623482,False,deterministic_below_threshold,False,False,False,,Consistent with the account's normal transaction pattern; no fraud indicators triggered.
TXN_0000190,False,0.911,0.08333333333333333,0.2702429149797571,0.7479757085020243,0.33879892037786774,False,deterministic_below_threshold,False,False,False,NEW_DEVICE,Reviewed and cleared; minor signals only (initiated from a device not seen before).
TXN_0000441,False,0.833,0.16666666666666666,0.4949392712550607,0.6730769230769231,0.4170715249662618,False,deterministic_below_threshold,False,False,False,VELOCITY_24H,Reviewed and cleared; minor signals only (3 transactions in the preceding 24h).
TXN_0000578,False,0.99,0.0,0.02834008097165992,0.0728744939271255,0.030364372469635626,False,deterministic_below_threshold,False,False,False,,Consistent with the account's normal transaction pattern; no fraud indicators triggered.
TXN_0000134,False,0.99,0.0,0.1062753036437247,0.19736842105263158,0.09109311740890688,False,deterministic_below_threshold,False,False,False,,Consistent with the account's normal transaction pattern; no fraud indicators triggered.
TXN_0000987,False,0.735,0.16666666666666666,0.8906882591093117,0.604251012145749,0.5151484480431848,False,deterministic_below_threshold,False,False,False,NIGHT_HOURS|KYC_NOT_VERIFIED,"Reviewed and cleared; minor signals only (occurred at 03:00, outside normal activity hours; customer KYC status is PENDING)."
TXN_0000857,False,0.99,0.0,0.0728744939271255,0.21761133603238866,0.08714574898785424,False,deterministic_below_threshold,False,False,False,,Consistent with the account's normal transaction pattern; no fraud indicators triggered.
TXN_0000835,False,0.972,0.08333333333333333,0.4726720647773279,0.34210526315789475,0.27776653171390014,False,deterministic_below_threshold,False,False,False,NEW_DEVICE,Reviewed and cleared; minor signals only (initiated from a device not seen before).
TXN_0000694,False,0.817,0.25,0.8795546558704453,0.22975708502024292,0.4327935222672065,False,deterministic_below_threshold,False,False,False,AMOUNT_RATIO_HIGH|KYC_NOT_VERIFIED,Reviewed and cleared; minor signals only (amount is 12.3x the account average; customer KYC status is EXPIRED).
TXN_0000834,False,0.99,0.0,0.013157894736842105,0.05668016194331984,0.02095141700404858,False,deterministic_below_threshold,False,False,False,,Consistent with the account's normal transaction pattern; no fraud indicators triggered.
TXN_0000709,False,0.99,0.0,0.6902834008097166,0.10526315789473684,0.23866396761133601,False,deterministic_below_threshold,False,False,False,,Consistent with the account's normal transaction pattern; no fraud indicators triggered.
TXN_0000916,False,0.705,0.4166666666666667,0.888663967611336,0.3724696356275304,0.5450067476383266,False,deterministic_below_threshold,False,False,False,AMOUNT_RATIO_HIGH|NIGHT_HOURS|CUSTOMER_HIGH_RISK|KYC_NOT_VERIFIED,"Reviewed and cleared; minor signals only (amount is 10.4x the account average; occurred at 01:00, outside normal activity hours)."
TXN_0000302,True,0.9,0.25,0.8977732793522267,0.7995951417004049,0.6092105263157894,True,slm,False,False,False,NEW_DEVICE|CUSTOMER_HIGH_RISK|KYC_NOT_VERIFIED,The customer's high internal risk rating and expired KYC status indicate a high likelihood of fraudulent activity.
TXN_0000389,True,0.72,0.5833333333333334,0.9311740890688259,0.6831983805668016,0.7176450742240216,True,slm,False,False,False,NO_AUTH_HIGH_VALUE|VELOCITY_24H|CUSTOMER_HIGH_RISK|KYC_NOT_VERIFIED,"The presence of a high internal customer risk rating and a pending KYC status, combined with a high transaction amount and a recent transaction count, indicate a high likelihood of fraudulent activity."
TXN_0000392,False,0.918,0.16666666666666666,0.6214574898785425,0.26417004048583,0.3323549257759784,False,deterministic_below_threshold,False,False,False,CUSTOMER_HIGH_RISK|POLITICALLY_EXPOSED,Reviewed and cleared; minor signals only (customer carries a HIGH internal risk rating; customer is politically exposed).
TXN_0000836,False,0.966,0.08333333333333333,0.18724696356275303,0.6467611336032388,0.2835357624831309,False,deterministic_below_threshold,False,False,False,BALANCE_NEGATIVE,Reviewed and cleared; minor signals only (drove the account balance negative).
TXN_0000140,False,0.99,0.08333333333333333,0.44534412955465585,0.06781376518218624,0.18728070175438594,False,deterministic_below_threshold,False,False,False,CUSTOMER_HIGH_RISK,Reviewed and cleared; minor signals only (customer carries a HIGH internal risk rating).
TXN_0000434,False,0.874,0.08333333333333333,0.3815789473684211,0.7601214574898786,0.3758434547908232,False,deterministic_below_threshold,False,False,False,BALANCE_NEGATIVE,Reviewed and cleared; minor signals only (drove the account balance negative).
TXN_0000227,True,0.95,0.6666666666666666,0.9524291497975709,0.9331983805668016,0.8323549257759784,True,slm,True,False,False,FOREIGN_MERCHANT|HIGH_RISK_CATEGORY|NIGHT_HOURS|NEW_DEVICE,"The transaction is from BetKing Online, a high-risk merchant category, and occurred at an unusual hour, indicating potential fraud."
TXN_0000686,True,0.95,0.4166666666666667,0.9392712550607287,0.9979757085020243,0.7478407557354926,True,slm,True,False,False,AMOUNT_RATIO_EXTREME|NIGHT_HOURS|NEW_DEVICE,"The transaction amount (INR 56,348.96) is 426x the account average (x = 425.89), indicating a significant and suspicious transaction."
TXN_0000822,False,0.968,0.0,0.4564777327935223,0.48279352226720645,0.2817813765182186,False,deterministic_below_threshold,False,False,False,,Consistent with the account's normal transaction pattern; no fraud indicators triggered.
TXN_0000347,False,0.746,0.16666666666666666,0.7854251012145749,0.6720647773279352,0.5039136302294197,False,deterministic_below_threshold,False,False,False,NIGHT_HOURS|NEW_DEVICE,"Reviewed and cleared; minor signals only (occurred at 01:00, outside normal activity hours; initiated from a device not seen before)."
TXN_0000632,False,0.921,0.16666666666666666,0.6204453441295547,0.25303643724696356,0.32871120107962215,False,deterministic_below_threshold,False,False,False,CUSTOMER_HIGH_RISK|KYC_NOT_VERIFIED,Reviewed and cleared; minor signals only (customer carries a HIGH internal risk rating; customer KYC status is PENDING).
TXN_0000983,False,0.957,0.0,0.5688259109311741,0.40789473684210525,0.2930161943319838,False,deterministic_below_threshold,False,False,False,,Consistent with the account's normal transaction pattern; no fraud indicators triggered.
TXN_0000859,False,0.99,0.08333333333333333,0.4524291497975709,0.13360323886639677,0.2091430499325236,False,deterministic_below_threshold,False,False,False,CUSTOMER_HIGH_RISK,Reviewed and cleared; minor signals only (customer carries a HIGH internal risk rating).
TXN_0000446,False,0.99,0.0,0.1437246963562753,0.25101214574898784,0.11842105263157893,False,deterministic_below_threshold,False,False,False,,Consistent with the account's normal transaction pattern; no fraud indicators triggered.
TXN_0000580,False,0.925,0.16666666666666666,0.6963562753036437,0.16396761133603238,0.3247638326585695,False,deterministic_below_threshold,False,False,False,NIGHT_HOURS|NEW_DEVICE,"Reviewed and cleared; minor signals only (occurred at 03:00, outside normal activity hours; initiated from a device not seen before)."
TXN_0000278,False,0.783,0.3333333333333333,0.23178137651821862,0.881578947368421,0.4673414304993252,False,deterministic_below_threshold,False,False,False,IMPOSSIBLE_TRAVEL|NEW_DEVICE,Reviewed and cleared; minor signals only (card physically present 585 km from home; initiated from a device not seen before).
TXN_0000768,False,0.99,0.0,0.20951417004048584,0.15688259109311742,0.10991902834008097,False,deterministic_below_threshold,False,False,False,,Consistent with the account's normal transaction pattern; no fraud indicators triggered.
TXN_0000536,False,0.824,0.16666666666666666,0.7469635627530364,0.451417004048583,0.42618083670715246,False,deterministic_below_threshold,False,False,False,AMOUNT_RATIO_HIGH,Reviewed and cleared; minor signals only (amount is 14.9x the account average).
TXN_0000711,False,0.99,0.08333333333333333,0.40789473684210525,0.21558704453441296,0.22037786774628879,False,deterministic_below_threshold,False,False,False,NIGHT_HOURS,"Reviewed and cleared; minor signals only (occurred at 02:00, outside normal activity hours)."
TXN_0000178,False,0.99,0.08333333333333333,0.5425101214574899,0.12955465587044535,0.23495276653171387,False,deterministic_below_threshold,False,False,False,NEW_DEVICE,Reviewed and cleared; minor signals only (initiated from a device not seen before).
TXN_0000902,False,0.751,0.16666666666666666,0.7823886639676113,0.659919028340081,0.4993589743589743,False,deterministic_below_threshold,False,False,False,NIGHT_HOURS|NEW_DEVICE,"Reviewed and cleared; minor signals only (occurred at 05:00, outside normal activity hours; initiated from a device not seen before)."
TXN_0000337,False,0.859,0.25,0.5121457489878543,0.4574898785425101,0.39089068825910933,False,deterministic_below_threshold,False,False,False,AMOUNT_RATIO_HIGH|KYC_NOT_VERIFIED,Reviewed and cleared; minor signals only (amount is 11.9x the account average; customer KYC status is EXPIRED).
TXN_0000156,True,0.9,0.5833333333333334,0.9412955465587044,0.8755060728744939,0.7783738191632928,True,slm,False,False,False,FOREIGN_MERCHANT|VELOCITY_24H|RAPID_SUCCESSION,"The transaction from Netflix, a foreign merchant in the customer's home country, with only 3 transactions in the preceding 24h, and a short time gap between transactions, raises suspicions."
TXN_0000487,False,0.99,0.08333333333333333,0.18319838056680163,0.20647773279352227,0.1502361673414305,False,deterministic_below_threshold,False,False,False,NIGHT_HOURS,"Reviewed and cleared; minor signals only (occurred at 00:00, outside normal activity hours)."
TXN_0000265,False,0.99,0.0,0.21052631578947367,0.23785425101214575,0.13451417004048583,False,deterministic_below_threshold,False,False,False,,Consistent with the account's normal transaction pattern; no fraud indicators triggered.
TXN_0000687,False,0.757,0.3333333333333333,0.8947368421052632,0.3026315789473684,0.49254385964912284,False,deterministic_below_threshold,False,False,False,FOREIGN_MERCHANT|NIGHT_HOURS,"Reviewed and cleared; minor signals only (merchant is in RO, outside the customer's home country; occurred at 03:00, outside normal activity hours)."
TXN_0000692,False,0.99,0.0,0.6548582995951417,0.09412955465587045,0.22469635627530365,False,deterministic_below_threshold,False,False,False,,Consistent with the account's normal transaction pattern; no fraud indicators triggered.
TXN_0000078,False,0.99,0.08333333333333333,0.08906882591093117,0.4382591093117409,0.19153171390013496,False,deterministic_below_threshold,False,False,False,NEW_DEVICE,Reviewed and cleared; minor signals only (initiated from a device not seen before).
TXN_0000046,False,0.908,0.0,0.5779352226720648,0.5617408906882592,0.3419028340080972,False,deterministic_below_threshold,False,False,False,,Consistent with the account's normal transaction pattern; no fraud indicators triggered.
TXN_0000658,False,0.99,0.08333333333333333,0.28643724696356276,0.24898785425101214,0.1939608636977058,False,deterministic_below_threshold,False,False,False,KYC_NOT_VERIFIED,Reviewed and cleared; minor signals only (customer KYC status is EXPIRED).
TXN_0000475,False,0.99,0.0,0.4888663967611336,0.10121457489878542,0.17702429149797572,False,deterministic_below_threshold,False,False,False,,Consistent with the account's normal transaction pattern; no fraud indicators triggered.
TXN_0000041,False,0.99,0.0,0.5748987854251012,0.2257085020242915,0.2401821862348178,False,deterministic_below_threshold,False,False,False,,Consistent with the account's normal transaction pattern; no fraud indicators triggered.
TXN_0000898,False,0.99,0.0,0.5111336032388664,0.1902834008097166,0.2104251012145749,False,deterministic_below_threshold,False,False,False,,Consistent with the account's normal transaction pattern; no fraud indicators triggered.
TXN_0000210,False,0.934,0.25,0.6366396761133604,0.08198380566801619,0.31558704453441294,False,deterministic_below_threshold,False,False,False,NEW_DEVICE|CUSTOMER_HIGH_RISK|POLITICALLY_EXPOSED,Reviewed and cleared; minor signals only (initiated from a device not seen before; customer carries a HIGH internal risk rating).
TXN_0000732,False,0.906,0.25,0.6356275303643725,0.1791497975708502,0.3444331983805668,False,deterministic_below_threshold,False,False,False,IMPOSSIBLE_TRAVEL,Reviewed and cleared; minor signals only (card physically present 657 km from home).
TXN_0000036,False,0.9,0.25,0.7358299595141701,0.09615384615384616,0.34959514170040484,False,deterministic_below_threshold,False,False,False,NEW_DEVICE|CUSTOMER_HIGH_RISK|KYC_NOT_VERIFIED,Reviewed and cleared; minor signals only (initiated from a device not seen before; customer carries a HIGH internal risk rating).
TXN_0000407,False,0.894,0.0,0.5597165991902834,0.6265182186234818,0.35587044534412954,False,deterministic_below_threshold,False,False,False,,Consistent with the account's normal transaction pattern; no fraud indicators triggered.
TXN_0000244,False,0.761,0.25,0.9625506072874493,0.3350202429149798,0.4892712550607287,False,deterministic_below_threshold,False,False,False,NIGHT_HOURS|NEW_DEVICE|KYC_NOT_VERIFIED,"Reviewed and cleared; minor signals only (occurred at 05:00, outside normal activity hours; initiated from a device not seen before)."
TXN_0000406,False,0.751,0.08333333333333333,0.8481781376518218,0.7024291497975709,0.4985155195681511,False,deterministic_below_threshold,False,False,False,NEW_DEVICE,Reviewed and cleared; minor signals only (initiated from a device not seen before).
TXN_0000245,True,0.99,0.4166666666666667,0.9858299595141701,0.9392712550607287,0.7441970310391364,True,slm,False,False,False,FOREIGN_MERCHANT|NEW_DEVICE|KYC_NOT_VERIFIED,"The transaction from Netflix, a foreign merchant in the customer's home country, initiated from an unknown device, and the customer's KYC status is expired, indicating a high risk of fraud."
TXN_0000703,False,0.99,0.0,0.25303643724696356,0.24190283400809717,0.1484817813765182,False,deterministic_below_threshold,False,False,False,,Consistent with the account's normal transaction pattern; no fraud indicators triggered.
TXN_0000904,False,0.683,0.25,0.9180161943319838,0.6376518218623481,0.5667004048582995,False,deterministic_below_threshold,False,False,False,FOREIGN_MERCHANT,"Reviewed and cleared; minor signals only (merchant is in RU, outside the customer's home country)."
TXN_0000125,False,0.99,0.16666666666666666,0.09919028340080972,0.3350202429149798,0.1969298245614035,False,deterministic_below_threshold,False,False,False,NIGHT_HOURS|NEW_DEVICE,"Reviewed and cleared; minor signals only (occurred at 01:00, outside normal activity hours; initiated from a device not seen before)."
TXN_0000377,True,0.8,0.5833333333333334,0.7236842105263158,0.5728744939271255,0.6223009446693657,True,slm,False,False,False,FOREIGN_MERCHANT|IMPOSSIBLE_TRAVEL|NEW_DEVICE,"The transaction from HP Fuel Station in Nigeria, 11,077 km from the customer's home city of Chandigarh, with a high anomaly model score, indicates a high-risk transaction."
TXN_0000918,False,0.99,0.16666666666666666,0.3977732793522267,0.19838056680161945,0.24551282051282047,False,deterministic_below_threshold,False,False,False,CUSTOMER_HIGH_RISK|KYC_NOT_VERIFIED,Reviewed and cleared; minor signals only (customer carries a HIGH internal risk rating; customer KYC status is PENDING).
TXN_0000493,False,0.926,0.08333333333333333,0.7580971659919028,0.20951417004048584,0.3236167341430499,False,deterministic_below_threshold,False,False,False,NIGHT_HOURS,"Reviewed and cleared; minor signals only (occurred at 02:00, outside normal activity hours)."
TXN_0000592,False,0.853,0.08333333333333333,0.46963562753036436,0.7419028340080972,0.3967948717948718,False,deterministic_below_threshold,False,False,False,KYC_NOT_VERIFIED,Reviewed and cleared; minor signals only (customer KYC status is PENDING).
TXN_0000080,False,0.971,0.16666666666666666,0.46356275303643724,0.24392712550607287,0.2789136302294197,False,deterministic_below_threshold,False,False,False,NEW_DEVICE|KYC_NOT_VERIFIED,Reviewed and cleared; minor signals only (initiated from a device not seen before; customer KYC status is EXPIRED).
TXN_0000951,False,0.923,0.16666666666666666,0.6619433198380567,0.2074898785425101,0.32749662618083664,False,deterministic_below_threshold,False,False,False,AMOUNT_RATIO_HIGH,Reviewed and cleared; minor signals only (amount is 11.2x the account average).
TXN_0000326,False,0.956,0.08333333333333333,0.555668016194332,0.31275303643724695,0.293859649122807,False,deterministic_below_threshold,False,False,False,NEW_DEVICE,Reviewed and cleared; minor signals only (initiated from a device not seen before).
TXN_0000682,False,0.99,0.08333333333333333,0.1771255060728745,0.2692307692307692,0.16724021592442645,False,deterministic_below_threshold,False,False,False,NEW_DEVICE,Reviewed and cleared; minor signals only (initiated from a device not seen before).
TXN_0000552,False,0.979,0.0,0.5293522267206477,0.37449392712550605,0.27115384615384613,False,deterministic_below_threshold,False,False,False,,Consistent with the account's normal transaction pattern; no fraud indicators triggered.
TXN_0000391,False,0.99,0.08333333333333333,0.4018218623481781,0.03137651821862348,0.1632928475033738,False,deterministic_below_threshold,False,False,False,NEW_DEVICE,Reviewed and cleared; minor signals only (initiated from a device not seen before).
TXN_0000739,True,0.8,0.5833333333333334,0.7661943319838057,0.6842105263157895,0.6684547908232119,True,slm,False,False,False,FOREIGN_MERCHANT|IMPOSSIBLE_TRAVEL|NEW_DEVICE,"The transaction from Croma Electronics in Panama City, with a distance of 6,262 km from the customer's home city of Mumbai, and a card physically present 6,262 km from home, is suspicious due to the merchant category and device type, which are both outside the customer's usual transaction categories and devices."
TXN_0000085,False,0.982,0.16666666666666666,0.6072874493927125,0.06477732793522267,0.2682860998650472,False,deterministic_below_threshold,False,False,False,NEW_DEVICE|KYC_NOT_VERIFIED,Reviewed and cleared; minor signals only (initiated from a device not seen before; customer KYC status is PENDING).
TXN_0000291,False,0.99,0.0,0.24190283400809717,0.14979757085020243,0.11751012145748987,False,deterministic_below_threshold,False,False,False,,Consistent with the account's normal transaction pattern; no fraud indicators triggered.
TXN_0000924,False,0.99,0.0,0.20040485829959515,0.3775303643724696,0.17338056680161942,False,deterministic_below_threshold,False,False,False,,Consistent with the account's normal transaction pattern; no fraud indicators triggered.
TXN_0000146,True,0.65,0.4166666666666667,0.9200404858299596,0.6923076923076923,0.6503711201079623,True,slm,False,False,False,FOREIGN_MERCHANT|CUSTOMER_HIGH_RISK|KYC_NOT_VERIFIED,"The transaction is from a foreign merchant (Croma Electronics) in the customer's home country (AE), which is suspicious given the customer's high internal risk rating and pending KYC status."
TXN_0000315,False,0.722,0.16666666666666666,0.8238866396761133,0.7125506072874493,0.5275978407557355,False,deterministic_below_threshold,False,False,False,NEW_DEVICE|KYC_NOT_VERIFIED,Reviewed and cleared; minor signals only (initiated from a device not seen before; customer KYC status is PENDING).
TXN_0000338,False,0.99,0.08333333333333333,0.015182186234817813,0.013157894736842105,0.04183535762483131,False,deterministic_below_threshold,False,False,False,NEW_DEVICE,Reviewed and cleared; minor signals only (initiated from a device not seen before).
TXN_0000666,False,0.871,0.08333333333333333,0.3775303643724696,0.7732793522267206,0.3785762483130904,False,deterministic_below_threshold,False,False,False,NEW_DEVICE,Reviewed and cleared; minor signals only (initiated from a device not seen before).
TXN_0000191,False,0.85,0.25,0.9018218623481782,0.7975708502024291,0.6098178137651822,True,slm,False,False,False,IMPOSSIBLE_TRAVEL,"The transaction data indicates a withdrawal of ₹80.32 from an HDFC ATM, with a distance from home of 980.20 km, which is suspiciously close to the customer's home city of Mysuru."
TXN_0000649,False,0.99,0.08333333333333333,0.25708502024291496,0.1700404858299595,0.16147098515519567,False,deterministic_below_threshold,False,False,False,NEW_DEVICE,Reviewed and cleared; minor signals only (initiated from a device not seen before).
TXN_0000789,False,0.99,0.0,0.15789473684210525,0.22975708502024292,0.11629554655870444,False,deterministic_below_threshold,False,False,False,,Consistent with the account's normal transaction pattern; no fraud indicators triggered.
TXN_0000216,False,0.99,0.08333333333333333,0.2793522267206478,0.3269230769230769,0.21521592442645077,False,deterministic_below_threshold,False,False,False,NIGHT_HOURS,"Reviewed and cleared; minor signals only (occurred at 02:00, outside normal activity hours)."
TXN_0000333,False,0.99,0.08333333333333333,0.28441295546558704,0.28441295546558704,0.20398110661268554,False,deterministic_below_threshold,False,False,False,NEW_DEVICE,Reviewed and cleared; minor signals only (initiated from a device not seen before).
TXN_0000890,False,0.97,0.16666666666666666,0.5819838056680162,0.12854251012145748,0.27982456140350875,False,deterministic_below_threshold,False,False,False,CUSTOMER_HIGH_RISK|KYC_NOT_VERIFIED,Reviewed and cleared; minor signals only (customer carries a HIGH internal risk rating; customer KYC status is PENDING).
TXN_0000807,False,0.99,0.0,0.2125506072874494,0.5870445344129555,0.23987854251012147,False,deterministic_below_threshold,False,False,False,,Consistent with the account's normal transaction pattern; no fraud indicators triggered.
TXN_0000838,False,0.99,0.08333333333333333,0.025303643724696356,0.09210526315789473,0.06855600539811066,False,deterministic_below_threshold,False,False,False,CUSTOMER_HIGH_RISK,Reviewed and cleared; minor signals only (customer carries a HIGH internal risk rating).
TXN_0000009,False,0.816,0.16666666666666666,0.8046558704453441,0.4200404858299595,0.43407557354925774,False,deterministic_below_threshold,False,False,False,NEW_DEVICE|CUSTOMER_HIGH_RISK,Reviewed and cleared; minor signals only (initiated from a device not seen before; customer carries a HIGH internal risk rating).
TXN_0000673,True,0.95,0.5833333333333334,0.8421052631578947,0.9524291497975709,0.771693657219973,True,slm,False,False,False,HIGH_RISK_CATEGORY|AMOUNT_RATIO_EXTREME|NIGHT_HOURS,"The transaction is for a high-risk money transfer to a merchant in Gurugram, IN, with a significant amount (62x the account average) and occurred at an unusual time (05:00)."
TXN_0000568,False,0.99,0.08333333333333333,0.2651821862348178,0.2611336032388664,0.1912280701754386,False,deterministic_below_threshold,False,False,False,CUSTOMER_HIGH_RISK,Reviewed and cleared; minor signals only (customer carries a HIGH internal risk rating).
TXN_0000943,False,0.903,0.08333333333333333,0.21761133603238866,0.8279352226720648,0.3469973009446693,False,deterministic_below_threshold,False,False,False,BALANCE_NEGATIVE,Reviewed and cleared; minor signals only (drove the account balance negative).
TXN_0000250,False,0.969,0.16666666666666666,0.47874493927125505,0.23582995951417005,0.28103913630229416,False,deterministic_below_threshold,False,False,False,NEW_DEVICE|KYC_NOT_VERIFIED,Reviewed and cleared; minor signals only (initiated from a device not seen before; customer KYC status is PENDING).
TXN_0000631,False,0.99,0.08333333333333333,0.009109311740890687,0.022267206477732792,0.042746288798920375,False,deterministic_below_threshold,False,False,False,CUSTOMER_HIGH_RISK,Reviewed and cleared; minor signals only (customer carries a HIGH internal risk rating).
TXN_0000593,False,0.851,0.08333333333333333,0.4342105263157895,0.7834008097165992,0.3986167341430499,False,deterministic_below_threshold,False,False,False,KYC_NOT_VERIFIED,Reviewed and cleared; minor signals only (customer KYC status is PENDING).
TXN_0000301,False,0.978,0.16666666666666666,0.13360323886639677,0.5495951417004049,0.27162618083670714,False,deterministic_below_threshold,False,False,False,VELOCITY_24H,Reviewed and cleared; minor signals only (3 transactions in the preceding 24h).
TXN_0000378,False,0.747,0.16666666666666666,0.5951417004048583,0.8603238866396761,0.503306342780027,False,deterministic_below_threshold,False,False,False,BALANCE_NEGATIVE|CUSTOMER_HIGH_RISK,Reviewed and cleared; minor signals only (drove the account balance negative; customer carries a HIGH internal risk rating).
TXN_0000472,False,0.821,0.08333333333333333,0.6609311740890689,0.6589068825910931,0.4292847503373819,False,deterministic_below_threshold,False,False,False,NIGHT_HOURS,"Reviewed and cleared; minor signals only (occurred at 03:00, outside normal activity hours)."
TXN_0000561,False,0.99,0.0,0.32894736842105265,0.12348178137651822,0.13572874493927126,False,deterministic_below_threshold,False,False,False,,Consistent with the account's normal transaction pattern; no fraud indicators triggered.
TXN_0000691,False,0.99,0.0,0.152834008097166,0.032388663967611336,0.0555668016194332,False,deterministic_below_threshold,False,False,False,,Consistent with the account's normal transaction pattern; no fraud indicators triggered.
TXN_0000359,False,0.99,0.0,0.2813765182186235,0.1771255060728745,0.1375506072874494,False,deterministic_below_threshold,False,False,False,,Consistent with the account's normal transaction pattern; no fraud indicators triggered.
TXN_0000854,False,0.722,0.08333333333333333,0.7591093117408907,0.8896761133603239,0.5279689608636977,False,deterministic_below_threshold,False,False,False,NEW_DEVICE,Reviewed and cleared; minor signals only (initiated from a device not seen before).
TXN_0000100,False,0.99,0.08333333333333333,0.1305668016194332,0.10020242914979757,0.10256410256410257,False,deterministic_below_threshold,False,False,False,CUSTOMER_HIGH_RISK,Reviewed and cleared; minor signals only (customer carries a HIGH internal risk rating).
TXN_0000942,False,0.99,0.08333333333333333,0.4716599190283401,0.06680161943319839,0.19487179487179487,False,deterministic_below_threshold,False,False,False,CUSTOMER_HIGH_RISK,Reviewed and cleared; minor signals only (customer carries a HIGH internal risk rating).
TXN_0000491,False,0.741,0.25,0.5455465587044535,0.8188259109311741,0.5093117408906882,False,deterministic_below_threshold,False,False,False,HIGH_RISK_CATEGORY,Reviewed and cleared; minor signals only (high-risk merchant category GIFT_CARD).
TXN_0000171,False,0.99,0.25,0.06072874493927125,0.2550607287449393,0.19473684210526315,False,deterministic_below_threshold,False,False,False,AMOUNT_RATIO_HIGH|NEW_DEVICE,Reviewed and cleared; minor signals only (amount is 49.5x the account average; initiated from a device not seen before).
TXN_0000151,False,0.955,0.16666666666666666,0.2034412955465587,0.5566801619433198,0.2947031039136302,False,deterministic_below_threshold,False,False,False,VELOCITY_24H,Reviewed and cleared; minor signals only (3 transactions in the preceding 24h).
TXN_0000812,False,0.99,0.0,0.13663967611336034,0.4726720647773279,0.1827935222672065,False,deterministic_below_threshold,False,False,False,,Consistent with the account's normal transaction pattern; no fraud indicators triggered.
TXN_0000874,True,0.85,0.3333333333333333,0.7388663967611336,0.9746963562753036,0.6474021592442645,True,slm,False,False,False,HIGH_RISK_CATEGORY|NEW_DEVICE,"The transaction is a high-risk MONEY_TRANSFER from a new device, which is suspicious and warrants further investigation."
TXN_0000516,False,0.778,0.0,0.6933198380566802,0.8805668016194332,0.47216599190283404,False,deterministic_below_threshold,False,False,False,,Consistent with the account's normal transaction pattern; no fraud indicators triggered.
TXN_0000364,False,0.99,0.16666666666666666,0.1417004048582996,0.012145748987854251,0.11282051282051282,False,deterministic_below_threshold,False,False,False,NEW_DEVICE|CUSTOMER_HIGH_RISK,Reviewed and cleared; minor signals only (initiated from a device not seen before; customer carries a HIGH internal risk rating).
TXN_0000183,True,0.9,0.25,0.9149797570850202,0.895748987854251,0.6432186234817814,True,slm,False,False,False,NEW_DEVICE|CUSTOMER_HIGH_RISK|KYC_NOT_VERIFIED,The customer's high internal risk rating and expired KYC status indicate a high likelihood of fraudulent activity.
TXN_0000461,True,0.99,1.0,0.9949392712550608,0.5931174089068826,0.876417004048583,True,slm,True,False,False,FOREIGN_MERCHANT|HIGH_RISK_CATEGORY|NO_AUTH_HIGH_VALUE|NIGHT_HOURS|NEW_DEVICE|BALANCE_NEGATIVE,"The transaction is a high-risk MONEY_TRANSFER from Singapore to the customer's home city, with a large amount (95,027.54 INR) and a negative account balance (-282,181.92), indicating a potential fraudulent activity."
TXN_0000803,False,0.803,0.4166666666666667,0.48785425101214575,0.44635627530364375,0.44692982456140357,False,deterministic_below_threshold,False,False,False,IMPOSSIBLE_TRAVEL|CUSTOMER_HIGH_RISK|KYC_NOT_VERIFIED,Reviewed and cleared; minor signals only (card physically present 762 km from home; customer carries a HIGH internal risk rating).
TXN_0000961,False,0.99,0.0,0.030364372469635626,0.15890688259109312,0.056781376518218615,False,deterministic_below_threshold,False,False,False,,Consistent with the account's normal transaction pattern; no fraud indicators triggered.
TXN_0000082,False,0.916,0.08333333333333333,0.8006072874493927,0.20242914979757085,0.3342442645074224,False,deterministic_below_threshold,False,False,False,NEW_DEVICE,Reviewed and cleared; minor signals only (initiated from a device not seen before).
TXN_0000749,False,0.756,0.3333333333333333,0.44635627530364375,0.757085020242915,0.494365721997301,False,deterministic_below_threshold,False,False,False,IMPOSSIBLE_TRAVEL|NIGHT_HOURS,"Reviewed and cleared; minor signals only (card physically present 648 km from home; occurred at 01:00, outside normal activity hours)."
TXN_0000187,False,0.747,0.08333333333333333,0.6417004048582996,0.9230769230769231,0.5027665317139002,False,deterministic_below_threshold,False,False,False,NEW_DEVICE,Reviewed and cleared; minor signals only (initiated from a device not seen before).
TXN_0000341,False,0.843,0.16666666666666666,0.8724696356275303,0.2631578947368421,0.4073549257759783,False,deterministic_below_threshold,False,False,False,CUSTOMER_HIGH_RISK|KYC_NOT_VERIFIED,Reviewed and cleared; minor signals only (customer carries a HIGH internal risk rating; customer KYC status is PENDING).
TXN_0000229,False,0.99,0.0,0.09210526315789473,0.5030364372469636,0.1785425101214575,False,deterministic_below_threshold,False,False,False,,Consistent with the account's normal transaction pattern; no fraud indicators triggered.
TXN_0000928,False,0.886,0.16666666666666666,0.3643724696356275,0.6255060728744939,0.3636302294197031,False,deterministic_below_threshold,False,False,False,VELOCITY_24H,Reviewed and cleared; minor signals only (3 transactions in the preceding 24h).
TXN_0000841,True,0.99,0.3333333333333333,0.8076923076923077,0.9919028340080972,0.6732118758434548,True,slm,False,False,False,IMPOSSIBLE_TRAVEL|BALANCE_NEGATIVE,"The transaction data indicates the card was physically present 1,109 km from the customer's home city, which is suspicious. Additionally, the account balance was negative, which is also anomalous."
TXN_0000379,False,0.986,0.08333333333333333,0.37550607287449395,0.39271255060728744,0.26379892037786773,False,deterministic_below_threshold,False,False,False,NEW_DEVICE,Reviewed and cleared; minor signals only (initiated from a device not seen before).
TXN_0000384,False,0.99,0.0,0.05668016194331984,0.7823886639676113,0.2517206477732793,False,deterministic_below_threshold,False,False,False,,Consistent with the account's normal transaction pattern; no fraud indicators triggered.
TXN_0000332,False,0.887,0.08333333333333333,0.7115384615384616,0.3866396761133603,0.36278677462887987,False,deterministic_below_threshold,False,False,False,NIGHT_HOURS,"Reviewed and cleared; minor signals only (occurred at 05:00, outside normal activity hours)."
TXN_0000449,False,0.99,0.16666666666666666,0.1214574898785425,0.05161943319838057,0.11858974358974358,False,deterministic_below_threshold,False,False,False,CUSTOMER_HIGH_RISK|KYC_NOT_VERIFIED,Reviewed and cleared; minor signals only (customer carries a HIGH internal risk rating; customer KYC status is EXPIRED).
TXN_0000025,False,0.748,0.08333333333333333,0.8441295546558705,0.7165991902834008,0.5015519568151147,False,deterministic_below_threshold,False,False,False,NEW_DEVICE,Reviewed and cleared; minor signals only (initiated from a device not seen before).
TXN_0000956,False,0.99,0.08333333333333333,0.03643724696356275,0.15789473684210525,0.09163292847503374,False,deterministic_below_threshold,False,False,False,CUSTOMER_HIGH_RISK,Reviewed and cleared; minor signals only (customer carries a HIGH internal risk rating).
TXN_0000429,False,0.99,0.08333333333333333,0.39271255060728744,0.09109311740890688,0.17847503373819162,False,deterministic_below_threshold,False,False,False,NEW_DEVICE,Reviewed and cleared; minor signals only (initiated from a device not seen before).
TXN_0000497,False,0.942,0.08333333333333333,0.7732793522267206,0.14271255060728744,0.3081309041835357,False,deterministic_below_threshold,False,False,False,NIGHT_HOURS,"Reviewed and cleared; minor signals only (occurred at 01:00, outside normal activity hours)."
TXN_0000106,False,0.956,0.08333333333333333,0.5931174089068826,0.2773279352226721,0.2944669365721997,False,deterministic_below_threshold,False,False,False,NIGHT_HOURS,"Reviewed and cleared; minor signals only (occurred at 04:00, outside normal activity hours)."
TXN_0000201,False,0.884,0.16666666666666666,0.6791497975708503,0.31781376518218624,0.3657557354925776,False,deterministic_below_threshold,False,False,False,CUSTOMER_HIGH_RISK|KYC_NOT_VERIFIED,Reviewed and cleared; minor signals only (customer carries a HIGH internal risk rating; customer KYC status is EXPIRED).
TXN_0000444,False,0.702,0.25,0.7074898785425101,0.7864372469635628,0.5481781376518219,False,deterministic_below_threshold,False,False,False,VELOCITY_24H|BALANCE_NEGATIVE,Reviewed and cleared; minor signals only (3 transactions in the preceding 24h; drove the account balance negative).
TXN_0000556,False,0.978,0.08333333333333333,0.5020242914979757,0.2935222672064777,0.27199730094466934,False,deterministic_below_threshold,False,False,False,NIGHT_HOURS,"Reviewed and cleared; minor signals only (occurred at 01:00, outside normal activity hours)."
TXN_0000966,False,0.99,0.08333333333333333,0.12044534412955465,0.3825910931174089,0.18424426450742237,False,deterministic_below_threshold,False,False,False,NIGHT_HOURS,"Reviewed and cleared; minor signals only (occurred at 00:00, outside normal activity hours)."
TXN_0000762,False,0.874,0.08333333333333333,0.4291497975708502,0.7145748987854251,0.3764507422402159,False,deterministic_below_threshold,False,False,False,KYC_NOT_VERIFIED,Reviewed and cleared; minor signals only (customer KYC status is EXPIRED).
TXN_0000479,False,0.99,0.08333333333333333,0.10728744939271255,0.009109311740890687,0.06825236167341431,False,deterministic_below_threshold,False,False,False,NEW_DEVICE,Reviewed and cleared; minor signals only (initiated from a device not seen before).
TXN_0000412,True,0.9,0.4166666666666667,0.8168016194331984,0.9676113360323887,0.7019905533063429,True,slm,False,False,False,IMPOSSIBLE_TRAVEL|VELOCITY_24H,"The transaction is an unauthorized purchase from Croma Electronics, a merchant in the electronics category, located 1,211 km from the cardholder's home city, Kolkata, with a high anomaly score indicating a likely fraudulent transaction."
TXN_0000626,False,0.99,0.0,0.03441295546558704,0.053643724696356275,0.026417004048582993,False,deterministic_below_threshold,False,False,False,,Consistent with the account's normal transaction pattern; no fraud indicators triggered.
TXN_0000612,False,0.99,0.0,0.02327935222672065,0.07894736842105263,0.03066801619433198,False,deterministic_below_threshold,False,False,False,,Consistent with the account's normal transaction pattern; no fraud indicators triggered.
TXN_0000369,False,0.857,0.25,0.6002024291497976,0.3765182186234818,0.39301619433198376,False,deterministic_below_threshold,False,False,False,NEW_DEVICE|CUSTOMER_HIGH_RISK|POLITICALLY_EXPOSED,Reviewed and cleared; minor signals only (initiated from a device not seen before; customer carries a HIGH internal risk rating).
TXN_0000562,False,0.983,0.08333333333333333,0.26417004048583,0.5141700404858299,0.2668353576248313,False,deterministic_below_threshold,False,False,False,KYC_NOT_VERIFIED,Reviewed and cleared; minor signals only (customer KYC status is EXPIRED).
TXN_0000856,False,0.99,0.16666666666666666,0.3684210526315789,0.2408906882591093,0.24946018893387312,False,deterministic_below_threshold,False,False,False,NEW_DEVICE|CUSTOMER_HIGH_RISK,Reviewed and cleared; minor signals only (initiated from a device not seen before; customer carries a HIGH internal risk rating).
TXN_0000882,True,0.9,0.3333333333333333,0.6447368421052632,0.9352226720647774,0.6073211875843454,True,slm,False,False,False,IMPOSSIBLE_TRAVEL|NIGHT_HOURS,"The transaction is an unauthorized purchase from Croma Electronics, a merchant in the electronics category, located in Bengaluru, India, with a distance of 1,143 km from the customer's home city of Ahmedabad, which is considered suspicious."
TXN_0000531,True,0.95,0.3333333333333333,0.45951417004048584,0.9453441295546559,0.5547908232118759,True,slm,True,False,False,AMOUNT_RATIO_EXTREME|CUSTOMER_HIGH_RISK,"The transaction amount (INR 50,048.01) is 183x the account average (INR 27,359.69), indicating a significant transaction, and the customer's high internal risk rating (43 years old and HIGH risk rating), suggesting a potential fraud attempt."
TXN_0000403,False,0.874,0.16666666666666666,0.9038461538461539,0.12753036437246965,0.37607962213225365,False,deterministic_below_threshold,False,False,False,NEW_DEVICE|KYC_NOT_VERIFIED,Reviewed and cleared; minor signals only (initiated from a device not seen before; customer KYC status is EXPIRED).
TXN_0000264,True,0.9,0.3333333333333333,0.917004048582996,0.7459514170040485,0.6322199730094467,True,slm,False,False,False,AMOUNT_RATIO_HIGH|NEW_DEVICE|KYC_NOT_VERIFIED,"The transaction is an unauthorized transfer of ₹12,187.62 from an account with an average balance of ₹37,298.31, initiated from an unknown device, and has a high risk score due to the expired KYC status of the customer."
TXN_0000316,True,0.85,0.4166666666666667,0.6882591093117408,0.8421052631578947,0.6257759784075574,True,slm,False,False,False,AMOUNT_RATIO_HIGH|NIGHT_HOURS|NEW_DEVICE|BALANCE_NEGATIVE,"The transaction is a purchase of INR 51,699.16 from Tanishq Jewellers, a merchant category JEWELLERY, with a distance of 17.60 km and a minutes since previous txn of 51,634.88, indicating a late-night transaction outside normal activity hours. The high amount and negative account balance further support the verdict."
TXN_0000563,False,0.705,0.5,0.6093117408906883,0.541497975708502,0.5452429149797571,False,deterministic_below_threshold,False,False,False,AMOUNT_RATIO_HIGH|IMPOSSIBLE_TRAVEL|KYC_NOT_VERIFIED,Reviewed and cleared; minor signals only (amount is 13.5x the account average; card physically present 645 km from home).
TXN_0000207,False,0.99,0.08333333333333333,0.5060728744939271,0.07186234817813765,0.20671390013495275,False,deterministic_below_threshold,False,False,False,NEW_DEVICE,Reviewed and cleared; minor signals only (initiated from a device not seen before).
TXN_0000575,False,0.99,0.25,0.1325910931174089,0.1214574898785425,0.17621457489878545,False,deterministic_below_threshold,False,False,False,VELOCITY_24H|CUSTOMER_HIGH_RISK,Reviewed and cleared; minor signals only (3 transactions in the preceding 24h; customer carries a HIGH internal risk rating).
TXN_0000155,True,0.9,0.4166666666666667,0.9129554655870445,0.8633603238866396,0.6995614035087719,True,slm,False,False,False,FOREIGN_MERCHANT|RAPID_SUCCESSION,"The transaction is from Netflix, a foreign merchant in Singapore, which is outside the customer's home country, and the time difference from the previous transaction is relatively short."
TXN_0000174,False,0.967,0.25,0.4473684210526316,0.16194331983805668,0.2827935222672065,False,deterministic_below_threshold,False,False,False,NIGHT_HOURS|CUSTOMER_HIGH_RISK|KYC_NOT_VERIFIED,"Reviewed and cleared; minor signals only (occurred at 05:00, outside normal activity hours; customer carries a HIGH internal risk rating)."
TXN_0000606,False,0.99,0.08333333333333333,0.053643724696356275,0.3967611336032389,0.16845479082321185,False,deterministic_below_threshold,False,False,False,NIGHT_HOURS,"Reviewed and cleared; minor signals only (occurred at 00:00, outside normal activity hours)."
TXN_0000527,False,0.99,0.08333333333333333,0.24696356275303644,0.2925101214574899,0.19517543859649122,False,deterministic_below_threshold,False,False,False,CUSTOMER_HIGH_RISK,Reviewed and cleared; minor signals only (customer carries a HIGH internal risk rating).
TXN_0000363,False,0.99,0.0,0.2854251012145749,0.23279352226720648,0.1554655870445344,False,deterministic_below_threshold,False,False,False,,Consistent with the account's normal transaction pattern; no fraud indicators triggered.
TXN_0000154,True,0.73,0.5,0.9230769230769231,0.8572874493927125,0.7341093117408907,True,slm,False,False,False,FOREIGN_MERCHANT|RAPID_SUCCESSION|NEW_DEVICE,"The transaction is an unauthorized purchase from an Amazon India merchant in the customer's home country, given the 0.8 minutes since the previous transaction and the lack of a CVV authentication."
TXN_0000624,False,0.966,0.16666666666666666,0.35020242914979755,0.37550607287449395,0.2843792172739541,False,deterministic_below_threshold,False,False,False,CUSTOMER_HIGH_RISK|POLITICALLY_EXPOSED,Reviewed and cleared; minor signals only (customer carries a HIGH internal risk rating; customer is politically exposed).
TXN_0000674,True,0.9,0.3333333333333333,0.7672064777327935,0.9352226720647774,0.6440620782726045,True,slm,False,False,False,HIGH_RISK_CATEGORY|NEW_DEVICE,"The transaction is a high-risk purchase from a merchant in a foreign country, with a significant difference in average monthly balance and a new device used, indicating potential fraud."
TXN_0000008,False,0.791,0.08333333333333333,0.5222672064777328,0.895748987854251,0.4587381916329285,False,deterministic_below_threshold,False,False,False,NEW_DEVICE,Reviewed and cleared; minor signals only (initiated from a device not seen before).
TXN_0000049,False,0.891,0.08333333333333333,0.32186234817813764,0.7631578947368421,0.3588394062078273,False,deterministic_below_threshold,False,False,False,NEW_DEVICE,Reviewed and cleared; minor signals only (initiated from a device not seen before).
TXN_0000292,True,0.9,0.08333333333333333,0.9261133603238867,0.958502024291498,0.5987179487179488,True,slm,False,False,False,NEW_DEVICE,"The transaction data indicates a payment from a merchant in India to an account in the same country, with a significant distance from home and an unknown time since the previous transaction. The presence of the 'distance from home' field and the 'minutes since previous txn' field are suspicious, as they are not typically used in this context. The absence of a card present and the high balance after the transaction also raise red flags."
TXN_0000141,True,0.8,0.3333333333333333,0.6649797570850202,0.9038461538461539,0.6039811066126854,True,slm,False,False,False,HIGH_RISK_CATEGORY|NEW_DEVICE,"The transaction is a high-risk purchase from a foreign merchant category, and the device used is not seen before, indicating a potential security threat."
TXN_0000432,False,0.765,0.5,0.5161943319838057,0.4342105263157895,0.48512145748987856,False,deterministic_below_threshold,False,False,False,FOREIGN_MERCHANT|IMPOSSIBLE_TRAVEL,"Reviewed and cleared; minor signals only (merchant is in RO, outside the customer's home country; card physically present 8,062 km from home)."
TXN_0000652,False,0.99,0.08333333333333333,0.2388663967611336,0.06578947368421052,0.12473009446693659,False,deterministic_below_threshold,False,False,False,NEW_DEVICE,Reviewed and cleared; minor signals only (initiated from a device not seen before).
TXN_0000564,False,0.99,0.0,0.0354251012145749,0.08502024291497975,0.0361336032388664,False,deterministic_below_threshold,False,False,False,,Consistent with the account's normal transaction pattern; no fraud indicators triggered.
TXN_0000905,False,0.865,0.0,0.4402834008097166,0.8431174089068826,0.3850202429149797,False,deterministic_below_threshold,False,False,False,,Consistent with the account's normal transaction pattern; no fraud indicators triggered.
TXN_0000495,False,0.944,0.3333333333333333,0.27631578947368424,0.298582995951417,0.3058029689608637,False,deterministic_below_threshold,False,False,False,IMPOSSIBLE_TRAVEL|CUSTOMER_HIGH_RISK,"Reviewed and cleared; minor signals only (card physically present 1,136 km from home; customer carries a HIGH internal risk rating)."
TXN_0000780,False,0.79,0.6666666666666666,0.9777327935222672,0.7621457489878543,0.7886302294197031,True,slm,False,False,False,FOREIGN_MERCHANT|IMPOSSIBLE_TRAVEL|NEW_DEVICE|KYC_NOT_VERIFIED,"The transaction is an ATM withdrawal from an ID-based merchant in an ID country, with the customer being 6,645 km from home, indicating a high-risk transaction."
TXN_0000589,False,0.99,0.0,0.4483805668016194,0.395748987854251,0.25323886639676113,False,deterministic_below_threshold,False,False,False,,Consistent with the account's normal transaction pattern; no fraud indicators triggered.
TXN_0000371,False,0.925,0.0,0.5344129554655871,0.5475708502024291,0.3245951417004048,False,deterministic_below_threshold,False,False,False,,Consistent with the account's normal transaction pattern; no fraud indicators triggered.
TXN_0000058,False,0.94,0.0,0.16902834008097167,0.8643724696356275,0.31002024291497976,False,deterministic_below_threshold,False,False,False,,Consistent with the account's normal transaction pattern; no fraud indicators triggered.
TXN_0000072,False,0.986,0.16666666666666666,0.19838056680161945,0.4605263157894737,0.26433873144399456,False,deterministic_below_threshold,False,False,False,VELOCITY_24H,Reviewed and cleared; minor signals only (3 transactions in the preceding 24h).
TXN_0000948,False,0.855,0.16666666666666666,0.7317813765182186,0.3633603238866397,0.3952091767881242,False,deterministic_below_threshold,False,False,False,NEW_DEVICE|KYC_NOT_VERIFIED,Reviewed and cleared; minor signals only (initiated from a device not seen before; customer KYC status is PENDING).
TXN_0000488,False,0.837,0.08333333333333333,0.72165991902834,0.5445344129554656,0.413191632928475,False,deterministic_below_threshold,False,False,False,NEW_DEVICE,Reviewed and cleared; minor signals only (initiated from a device not seen before).
TXN_0000075,False,0.99,0.08333333333333333,0.4068825910931174,0.1548582995951417,0.20185560053981105,False,deterministic_below_threshold,False,False,False,NEW_DEVICE,Reviewed and cleared; minor signals only (initiated from a device not seen before).
TXN_0000677,False,0.704,0.25,0.652834008097166,0.832995951417004,0.545748987854251,False,deterministic_below_threshold,False,False,False,HIGH_RISK_CATEGORY,Reviewed and cleared; minor signals only (high-risk merchant category GAMBLING).
TXN_0000496,False,0.99,0.0,0.5607287449392713,0.2479757085020243,0.24261133603238866,False,deterministic_below_threshold,False,False,False,,Consistent with the account's normal transaction pattern; no fraud indicators triggered.
TXN_0000734,False,0.99,0.08333333333333333,0.22469635627530365,0.038461538461538464,0.11228070175438597,False,deterministic_below_threshold,False,False,False,NEW_DEVICE,Reviewed and cleared; minor signals only (initiated from a device not seen before).
TXN_0000605,True,0.8,0.6666666666666666,0.7874493927125507,0.5779352226720648,0.6762820512820512,True,slm,False,False,False,FOREIGN_MERCHANT|AMOUNT_RATIO_HIGH|IMPOSSIBLE_TRAVEL,"The transaction from Tanishq Jewellers in Panama City, PA, with a purchase amount 39.7x the customer's account average, and 4,177 km from home, is suspicious due to the merchant's location and the high transaction amount."
TXN_0000232,False,0.99,0.25,0.2732793522267207,0.06376518218623482,0.20111336032388663,False,deterministic_below_threshold,False,False,False,NEW_DEVICE|CUSTOMER_HIGH_RISK|KYC_NOT_VERIFIED,Reviewed and cleared; minor signals only (initiated from a device not seen before; customer carries a HIGH internal risk rating).
TXN_0000327,False,0.987,0.08333333333333333,0.2742914979757085,0.4898785425101215,0.2625843454790823,False,deterministic_below_threshold,False,False,False,NEW_DEVICE,Reviewed and cleared; minor signals only (initiated from a device not seen before).
TXN_0000240,False,0.78,0.16666666666666666,0.7398785425101214,0.6052631578947368,0.47020917678812413,False,deterministic_below_threshold,False,False,False,BALANCE_NEGATIVE|CUSTOMER_HIGH_RISK,Reviewed and cleared; minor signals only (drove the account balance negative; customer carries a HIGH internal risk rating).
TXN_0000873,False,0.908,0.08333333333333333,0.0860323886639676,0.9412955465587044,0.3415317139001349,False,deterministic_below_threshold,False,False,False,NEW_DEVICE,Reviewed and cleared; minor signals only (initiated from a device not seen before).
TXN_0000411,False,0.812,0.0,0.5303643724696356,0.9281376518218624,0.43755060728744943,False,deterministic_below_threshold,False,False,False,,Consistent with the account's normal transaction pattern; no fraud indicators triggered.
TXN_0000241,False,0.99,0.16666666666666666,0.3390688259109312,0.17510121457489877,0.22091767881241567,False,deterministic_below_threshold,False,False,False,CUSTOMER_HIGH_RISK|KYC_NOT_VERIFIED,Reviewed and cleared; minor signals only (customer carries a HIGH internal risk rating; customer KYC status is EXPIRED).
TXN_0000712,False,0.916,0.08333333333333333,0.37044534412955465,0.631578947368421,0.333940620782726,False,deterministic_below_threshold,False,False,False,NIGHT_HOURS,"Reviewed and cleared; minor signals only (occurred at 03:00, outside normal activity hours)."
TXN_0000215,True,0.83,0.6666666666666666,0.9342105263157895,0.9453441295546559,0.8305330634278003,True,slm,False,False,False,FOREIGN_MERCHANT|IMPOSSIBLE_TRAVEL|CUSTOMER_HIGH_RISK|KYC_NOT_VERIFIED,"The transaction from Apollo Pharmacy in Singapore, with a card physically present 9,457 km from the customer's home city of Jaipur, carries a HIGH internal risk rating and a PENDING KYC status, indicating a high likelihood of fraud."
TXN_0000825,False,0.967,0.0,0.4190283400809717,0.5242914979757085,0.28299595141700407,False,deterministic_below_threshold,False,False,False,,Consistent with the account's normal transaction pattern; no fraud indicators triggered.
TXN_0000766,False,0.78,0.0,0.7803643724696356,0.7874493927125507,0.4703441295546559,False,deterministic_below_threshold,False,False,False,,Consistent with the account's normal transaction pattern; no fraud indicators triggered.
TXN_0000148,True,0.99,0.8333333333333334,0.9615384615384616,0.9615384615384616,0.9102564102564102,True,slm,True,False,False,FOREIGN_MERCHANT|NO_AUTH_HIGH_VALUE|VELOCITY_24H|CUSTOMER_HIGH_RISK|KYC_NOT_VERIFIED,"The transaction is an unauthorized purchase of luxury goods from Luxury Goods Direct in the customer's home country, despite the customer's high internal risk rating and pending KYC status."
TXN_0000267,False,0.863,0.08333333333333333,0.6892712550607287,0.4898785425101215,0.3870782726045884,False,deterministic_below_threshold,False,False,False,KYC_NOT_VERIFIED,Reviewed and cleared; minor signals only (customer KYC status is EXPIRED).
TXN_0000676,False,0.759,0.08333333333333333,0.9109311740890689,0.6143724696356275,0.49092442645074225,False,deterministic_below_threshold,False,False,False,KYC_NOT_VERIFIED,Reviewed and cleared; minor signals only (customer KYC status is PENDING).
TXN_0000319,False,0.896,0.0,0.6194331983805668,0.5597165991902834,0.35374493927125505,False,deterministic_below_threshold,False,False,False,,Consistent with the account's normal transaction pattern; no fraud indicators triggered.
TXN_0000059,False,0.99,0.08333333333333333,0.17307692307692307,0.1659919028340081,0.13505398110661268,False,deterministic_below_threshold,False,False,False,NEW_DEVICE,Reviewed and cleared; minor signals only (initiated from a device not seen before).
TXN_0000119,False,0.99,0.0,0.006072874493927126,0.04149797570850203,0.014271255060728745,False,deterministic_below_threshold,False,False,False,,Consistent with the account's normal transaction pattern; no fraud indicators triggered.
TXN_0000368,False,0.733,0.3333333333333333,0.9635627530364372,0.3147773279352227,0.5168353576248312,False,deterministic_below_threshold,False,False,False,AMOUNT_RATIO_HIGH|ORPHAN_ACCOUNT,Reviewed and cleared; minor signals only (amount is 47.6x the account average; references an account that does not exist in the account master).
TXN_0000862,False,0.839,0.16666666666666666,0.8674089068825911,0.2813765182186235,0.411302294197031,False,deterministic_below_threshold,False,False,False,NIGHT_HOURS|CUSTOMER_HIGH_RISK,"Reviewed and cleared; minor signals only (occurred at 01:00, outside normal activity hours; customer carries a HIGH internal risk rating)."
TXN_0000084,False,0.99,0.0,0.02631578947368421,0.34615384615384615,0.1117408906882591,False,deterministic_below_threshold,False,False,False,,Consistent with the account's normal transaction pattern; no fraud indicators triggered.
TXN_0000388,True,0.9,0.6666666666666666,0.9706477732793523,0.6649797570850202,0.7573549257759784,True,slm,True,False,False,FOREIGN_MERCHANT|NO_AUTH_HIGH_VALUE|CUSTOMER_HIGH_RISK|KYC_NOT_VERIFIED,"The transaction is a high-risk transfer from Singapore to India, with the customer carrying a HIGH internal risk rating and a PENDING KYC status, indicating a lack of verification."
TXN_0000936,False,0.99,0.16666666666666666,0.15991902834008098,0.4716599190283401,0.256140350877193,False,deterministic_below_threshold,False,False,False,NIGHT_HOURS|NEW_DEVICE,"Reviewed and cleared; minor signals only (occurred at 05:00, outside normal activity hours; initiated from a device not seen before)."
TXN_0000436,False,0.805,0.08333333333333333,0.6406882591093117,0.7307692307692307,0.44477058029689603,False,deterministic_below_threshold,False,False,False,BALANCE_NEGATIVE,Reviewed and cleared; minor signals only (drove the account balance negative).
TXN_0000760,False,0.782,0.25,0.7459514170040485,0.4817813765182186,0.4683198380566801,False,deterministic_below_threshold,False,False,False,NIGHT_HOURS|CUSTOMER_HIGH_RISK|POLITICALLY_EXPOSED,"Reviewed and cleared; minor signals only (occurred at 03:00, outside normal activity hours; customer carries a HIGH internal risk rating)."
TXN_0000656,False,0.957,0.3333333333333333,0.21558704453441296,0.3157894736842105,0.2927462887989204,False,deterministic_below_threshold,False,False,False,VELOCITY_24H|NIGHT_HOURS|NEW_DEVICE,"Reviewed and cleared; minor signals only (3 transactions in the preceding 24h; occurred at 02:00, outside normal activity hours)."
TXN_0000160,False,0.99,0.0,0.0597165991902834,0.0354251012145749,0.02854251012145749,False,deterministic_below_threshold,False,False,False,,Consistent with the account's normal transaction pattern; no fraud indicators triggered.
TXN_0000089,False,0.99,0.0,0.07186234817813765,0.46356275303643724,0.16062753036437247,False,deterministic_below_threshold,False,False,False,,Consistent with the account's normal transaction pattern; no fraud indicators triggered.
TXN_0000747,False,0.99,0.0,0.3633603238866397,0.354251012145749,0.21528340080971659,False,deterministic_below_threshold,False,False,False,,Consistent with the account's normal transaction pattern; no fraud indicators triggered.
TXN_0000808,False,0.99,0.08333333333333333,0.3259109311740891,0.02834008097165992,0.13960863697705805,False,deterministic_below_threshold,False,False,False,CUSTOMER_HIGH_RISK,Reviewed and cleared; minor signals only (customer carries a HIGH internal risk rating).
TXN_0000710,True,0.9,0.3333333333333333,0.8704453441295547,0.9190283400809717,0.6701754385964911,True,slm,False,False,False,HIGH_RISK_CATEGORY|NIGHT_HOURS,"The transaction is a high-risk purchase from a merchant in the CRYPTO category, occurring outside normal activity hours, and has a significant distance from the customer's home location."
TXN_0000596,False,0.99,0.0,0.36538461538461536,0.09716599190283401,0.1387651821862348,False,deterministic_below_threshold,False,False,False,,Consistent with the account's normal transaction pattern; no fraud indicators triggered.
TXN_0000145,False,0.726,0.25,0.7439271255060729,0.6690283400809717,0.5238866396761134,False,deterministic_below_threshold,False,False,False,NEW_DEVICE|CUSTOMER_HIGH_RISK|KYC_NOT_VERIFIED,Reviewed and cleared; minor signals only (initiated from a device not seen before; customer carries a HIGH internal risk rating).
TXN_0000581,False,0.722,0.25,0.8289473684210527,0.597165991902834,0.527834008097166,False,deterministic_below_threshold,False,False,False,NIGHT_HOURS|CUSTOMER_HIGH_RISK|KYC_NOT_VERIFIED,"Reviewed and cleared; minor signals only (occurred at 04:00, outside normal activity hours; customer carries a HIGH internal risk rating)."
TXN_0000415,False,0.99,0.0,0.04251012145748988,0.1811740890688259,0.06710526315789472,False,deterministic_below_threshold,False,False,False,,Consistent with the account's normal transaction pattern; no fraud indicators triggered.
TXN_0000402,True,0.99,1.0,0.9564777327935222,0.8987854251012146,0.956578947368421,True,slm,True,False,False,FOREIGN_MERCHANT|HIGH_RISK_CATEGORY|NO_AUTH_HIGH_VALUE|NIGHT_HOURS|NEW_DEVICE|BALANCE_NEGATIVE,"The transaction from CryptoXchange Global, a high-risk merchant category, to the customer's account in a foreign country, with no authentication and a large transaction amount, is suspicious."
TXN_0000344,False,0.718,0.08333333333333333,0.8147773279352226,0.847165991902834,0.5319163292847503,False,deterministic_below_threshold,False,False,False,NIGHT_HOURS,"Reviewed and cleared; minor signals only (occurred at 02:00, outside normal activity hours)."
TXN_0000699,False,0.892,0.08333333333333333,0.4868421052631579,0.5941295546558705,0.3576248313090419,False,deterministic_below_threshold,False,False,False,NIGHT_HOURS,"Reviewed and cleared; minor signals only (occurred at 02:00, outside normal activity hours)."
TXN_0000737,False,0.99,0.0,0.029352226720647773,0.3582995951417004,0.11629554655870444,False,deterministic_below_threshold,False,False,False,,Consistent with the account's normal transaction pattern; no fraud indicators triggered.
TXN_0000126,True,0.9,0.5833333333333334,0.8026315789473685,0.7773279352226721,0.7073211875843455,True,slm,False,False,False,FOREIGN_MERCHANT|IMPOSSIBLE_TRAVEL|NIGHT_HOURS,"The transaction from PVR Cinemas in London, a foreign merchant, occurred at 03:00 outside normal activity hours, and the card is physically present 5,907 km from the customer's home location, indicating a high risk of fraud."
TXN_0000484,False,0.938,0.3333333333333333,0.4908906882591093,0.1062753036437247,0.31248313090418356,False,deterministic_below_threshold,False,False,False,IMPOSSIBLE_TRAVEL|KYC_NOT_VERIFIED,Reviewed and cleared; minor signals only (card physically present 958 km from home; customer KYC status is PENDING).
TXN_0000218,True,0.73,0.5,0.9554655870445344,0.8117408906882592,0.7301619433198381,True,slm,False,False,False,HIGH_RISK_CATEGORY|NIGHT_HOURS|CUSTOMER_HIGH_RISK|KYC_NOT_VERIFIED,"The transaction is a high-risk MONEY_TRANSFER from an unknown merchant at an unusual hour, with a customer carrying a HIGH internal risk rating and a PENDING KYC status."
TXN_0000457,False,0.839,0.0,0.6255060728744939,0.7449392712550608,0.4111336032388664,False,deterministic_below_threshold,False,False,False,,Consistent with the account's normal transaction pattern; no fraud indicators triggered.
TXN_0000345,False,0.783,0.08333333333333333,0.5617408906882592,0.8836032388663968,0.46693657219973006,False,deterministic_below_threshold,False,False,False,NIGHT_HOURS,"Reviewed and cleared; minor signals only (occurred at 04:00, outside normal activity hours)."
TXN_0000775,True,0.95,0.4166666666666667,0.9767206477732794,0.9119433198380567,0.7332658569500674,True,slm,False,False,False,NO_AUTH_HIGH_VALUE|NIGHT_HOURS|KYC_NOT_VERIFIED,"The transaction data indicates a 19,533 INR transfer from an unknown location (Noida) to an unknown account (Account type: CURRENT, Account status: ACTIVE, Account balance: 80,295.23) with a customer KYC status of REJECTED, and occurred at an unusual time (03:00) outside normal activity hours."
TXN_0000485,False,0.94,0.0,0.12550607287449392,0.9078947368421053,0.31002024291497976,False,deterministic_below_threshold,False,False,False,,Consistent with the account's normal transaction pattern; no fraud indicators triggered.
TXN_0000306,False,0.99,0.16666666666666666,0.3734817813765182,0.13157894736842105,0.21818488529014846,False,deterministic_below_threshold,False,False,False,CUSTOMER_HIGH_RISK|KYC_NOT_VERIFIED,Reviewed and cleared; minor signals only (customer carries a HIGH internal risk rating; customer KYC status is EXPIRED).
TXN_0000230,False,0.99,0.3333333333333333,0.20445344129554655,0.039473684210526314,0.20651147098515518,False,deterministic_below_threshold,False,False,False,AMOUNT_RATIO_HIGH|CUSTOMER_HIGH_RISK|KYC_NOT_VERIFIED,Reviewed and cleared; minor signals only (amount is 12.3x the account average; customer carries a HIGH internal risk rating).
TXN_0000764,False,0.704,0.16666666666666666,0.8866396761133604,0.7095141700404858,0.5455128205128205,False,deterministic_below_threshold,False,False,False,BALANCE_NEGATIVE|KYC_NOT_VERIFIED,Reviewed and cleared; minor signals only (drove the account balance negative; customer KYC status is EXPIRED).
TXN_0000875,False,0.99,0.25,0.12955465587044535,0.28643724696356276,0.2247975708502024,False,deterministic_below_threshold,False,False,False,IMPOSSIBLE_TRAVEL,Reviewed and cleared; minor signals only (card physically present 540 km from home).
TXN_0000175,True,0.8,0.5833333333333334,0.6629554655870445,0.645748987854251,0.625944669365722,True,slm,False,False,False,FOREIGN_MERCHANT|IMPOSSIBLE_TRAVEL|NEW_DEVICE,"The transaction is an unauthorized purchase from a foreign merchant in the customer's home country, with the card being physically present 5,371 km from home, and the device type not seen before."
TXN_0000147,True,0.85,0.3333333333333333,0.8522267206477733,0.6659919028340081,0.5887989203778677,True,slm,False,False,False,VELOCITY_24H|CUSTOMER_HIGH_RISK|KYC_NOT_VERIFIED,The customer's high internal risk rating and pending KYC status indicate a high likelihood of fraudulent activity.
TXN_0000397,True,0.99,1.0,0.9979757085020243,0.9686234817813765,0.9899797570850202,True,slm,True,False,False,FOREIGN_MERCHANT|HIGH_RISK_CATEGORY|NO_AUTH_HIGH_VALUE|AMOUNT_RATIO_EXTREME|NIGHT_HOURS|NEW_DEVICE|BALANCE_NEGATIVE,"The transaction from CryptoXchange Global, a high-risk merchant category, to the customer's account in Russia, with a large transaction amount (156x account average) and initiated from an unknown device, is suspicious due to the distance from home and the failed authentication."
TXN_0000330,False,0.99,0.08333333333333333,0.19230769230769232,0.4807692307692308,0.23525641025641025,False,deterministic_below_threshold,False,False,False,NEW_DEVICE,Reviewed and cleared; minor signals only (initiated from a device not seen before).
TXN_0000214,False,0.99,0.16666666666666666,0.2216599190283401,0.30870445344129555,0.22577597840755734,False,deterministic_below_threshold,False,False,False,NEW_DEVICE|KYC_NOT_VERIFIED,Reviewed and cleared; minor signals only (initiated from a device not seen before; customer KYC status is EXPIRED).
TXN_0000582,False,0.927,0.16666666666666666,0.3340080971659919,0.5192307692307693,0.322638326585695,False,deterministic_below_threshold,False,False,False,CUSTOMER_HIGH_RISK|KYC_NOT_VERIFIED,Reviewed and cleared; minor signals only (customer carries a HIGH internal risk rating; customer KYC status is PENDING).
TXN_0000150,False,0.99,0.08333333333333333,0.15688259109311742,0.48582995951417,0.22614709851551956,False,deterministic_below_threshold,False,False,False,NIGHT_HOURS,"Reviewed and cleared; minor signals only (occurred at 03:00, outside normal activity hours)."
TXN_0000489,False,0.735,0.08333333333333333,0.7489878542510121,0.8562753036437247,0.5149122807017543,False,deterministic_below_threshold,False,False,False,NEW_DEVICE,Reviewed and cleared; minor signals only (initiated from a device not seen before).
TXN_0000014,False,0.783,0.16666666666666666,0.3724696356275304,0.9635627530364372,0.46747638326585694,False,deterministic_below_threshold,False,False,False,NEW_DEVICE|BALANCE_NEGATIVE,Reviewed and cleared; minor signals only (initiated from a device not seen before; drove the account balance negative).
TXN_0000920,False,0.99,0.0,0.1548582995951417,0.5020242914979757,0.1970647773279352,False,deterministic_below_threshold,False,False,False,,Consistent with the account's normal transaction pattern; no fraud indicators triggered.
TXN_0000590,False,0.99,0.16666666666666666,0.07894736842105263,0.42813765182186236,0.21879217273954116,False,deterministic_below_threshold,False,False,False,NEW_DEVICE|BALANCE_NEGATIVE,Reviewed and cleared; minor signals only (initiated from a device not seen before; drove the account balance negative).
TXN_0000940,False,0.69,0.25,0.9352226720647774,0.5991902834008097,0.5603238866396761,False,deterministic_below_threshold,False,False,False,NEW_DEVICE|CUSTOMER_HIGH_RISK|KYC_NOT_VERIFIED,Reviewed and cleared; minor signals only (initiated from a device not seen before; customer carries a HIGH internal risk rating).
TXN_0000322,False,0.925,0.08333333333333333,0.4757085020242915,0.4949392712550607,0.32452766531713895,False,deterministic_below_threshold,False,False,False,BALANCE_NEGATIVE,Reviewed and cleared; minor signals only (drove the account balance negative).
TXN_0000053,True,0.85,0.3333333333333333,0.7479757085020243,0.8896761133603239,0.6246288798920379,True,slm,False,False,False,HIGH_RISK_CATEGORY|NEW_DEVICE,"The transaction is from BetKing Online, a high-risk merchant category, and the device type is Windows Desktop, which is not seen before. The high-risk merchant category and initiated from a device not seen before are the primary drivers of this verdict."
TXN_0000883,False,0.78,0.08333333333333333,0.7419028340080972,0.7135627530364372,0.4699730094466936,False,deterministic_below_threshold,False,False,False,NIGHT_HOURS,"Reviewed and cleared; minor signals only (occurred at 05:00, outside normal activity hours)."
TXN_0000751,False,0.707,0.25,0.6842105263157895,0.791497975708502,0.5427125506072874,False,deterministic_below_threshold,False,False,False,FOREIGN_MERCHANT,"Reviewed and cleared; minor signals only (merchant is in PA, outside the customer's home country)."
TXN_0000860,False,0.99,0.08333333333333333,0.10526315789473684,0.4291497975708502,0.19365721997300944,False,deterministic_below_threshold,False,False,False,NIGHT_HOURS,"Reviewed and cleared; minor signals only (occurred at 00:00, outside normal activity hours)."
TXN_0000001,False,0.99,0.16666666666666666,0.4665991902834008,0.02631578947368421,0.21454116059379216,False,deterministic_below_threshold,False,False,False,NEW_DEVICE|CUSTOMER_HIGH_RISK,Reviewed and cleared; minor signals only (initiated from a device not seen before; customer carries a HIGH internal risk rating).
TXN_0000706,True,0.92,0.25,0.7135627530364372,0.9220647773279352,0.5906882591093117,True,slm,False,False,False,HIGH_RISK_CATEGORY,"The transaction is of high risk due to the merchant category being MONEY_TRANSFER, which is a high-risk category for fraud."
TXN_0000482,False,0.942,0.0,0.34615384615384615,0.6791497975708503,0.3075910931174089,False,deterministic_below_threshold,False,False,False,,Consistent with the account's normal transaction pattern; no fraud indicators triggered.
TXN_0000988,False,0.683,0.16666666666666666,0.8967611336032388,0.770242914979757,0.5667678812415654,False,deterministic_below_threshold,False,False,False,NEW_DEVICE|KYC_NOT_VERIFIED,Reviewed and cleared; minor signals only (initiated from a device not seen before; customer KYC status is PENDING).
TXN_0000351,True,0.9,0.6666666666666666,0.7277327935222672,0.8927125506072875,0.7528002699055331,True,slm,False,False,False,HIGH_RISK_CATEGORY|VELOCITY_24H|RAPID_SUCCESSION|NIGHT_HOURS,"The transaction is of high risk due to the merchant category being GIFT_CARD, which is considered a high-risk category for fraudulent activities."
TXN_0000884,False,0.954,0.25,0.3856275303643725,0.26619433198380565,0.29554655870445345,False,deterministic_below_threshold,False,False,False,AMOUNT_RATIO_HIGH|CUSTOMER_HIGH_RISK,Reviewed and cleared; minor signals only (amount is 16.2x the account average; customer carries a HIGH internal risk rating).
TXN_0000636,False,0.795,0.08333333333333333,0.5374493927125507,0.8674089068825911,0.45479082321187586,False,deterministic_below_threshold,False,False,False,NEW_DEVICE,Reviewed and cleared; minor signals only (initiated from a device not seen before).
TXN_0000066,False,0.99,0.08333333333333333,0.12246963562753037,0.022267206477732792,0.07675438596491228,False,deterministic_below_threshold,False,False,False,NEW_DEVICE,Reviewed and cleared; minor signals only (initiated from a device not seen before).
TXN_0000018,False,0.815,0.4166666666666667,0.30465587044534415,0.5890688259109311,0.43478407557354926,False,deterministic_below_threshold,False,False,False,IMPOSSIBLE_TRAVEL|NIGHT_HOURS|CUSTOMER_HIGH_RISK,"Reviewed and cleared; minor signals only (card physically present 704 km from home; occurred at 05:00, outside normal activity hours)."
TXN_0000608,False,0.99,0.08333333333333333,0.19331983805668015,0.4230769230769231,0.2182523616734143,False,deterministic_below_threshold,False,False,False,NIGHT_HOURS,"Reviewed and cleared; minor signals only (occurred at 04:00, outside normal activity hours)."
TXN_0000276,False,0.99,0.0,0.18016194331983806,0.04048582995951417,0.06619433198380567,False,deterministic_below_threshold,False,False,False,,Consistent with the account's normal transaction pattern; no fraud indicators triggered.
TXN_0000718,True,0.95,0.0,0.9726720647773279,0.9534412955465587,0.577834008097166,True,slm,False,False,False,,"The transaction amount (INR 12,398.61) is significantly higher than the average monthly balance (INR 300,844.55) for the account, indicating a potential credit card transaction."
TXN_0000584,False,0.968,0.08333333333333333,0.7793522267206477,0.05060728744939271,0.2823211875843455,False,deterministic_below_threshold,False,False,False,NEW_DEVICE,Reviewed and cleared; minor signals only (initiated from a device not seen before).
TXN_0000428,False,0.25,0.25,0.21963562753036436,0.6751012145748988,0.3684210526315789,True,slm,True,False,True,AMOUNT_RATIO_EXTREME,"The transaction amount (INR 58,095.64) is 115x the account average (INR 500.00), indicating a potential high-value transaction."
TXN_0000733,False,0.99,0.08333333333333333,0.06477732793522267,0.29048582995951416,0.13991228070175438,False,deterministic_below_threshold,False,False,False,NEW_DEVICE,Reviewed and cleared; minor signals only (initiated from a device not seen before).
TXN_0000234,False,0.99,0.16666666666666666,0.19939271255060728,0.05566801619433198,0.14318488529014844,False,deterministic_below_threshold,False,False,False,CUSTOMER_HIGH_RISK|KYC_NOT_VERIFIED,Reviewed and cleared; minor signals only (customer carries a HIGH internal risk rating; customer KYC status is EXPIRED).
TXN_0000644,False,0.99,0.0,0.11234817813765183,0.5799595141700404,0.20769230769230768,False,deterministic_below_threshold,False,False,False,,Consistent with the account's normal transaction pattern; no fraud indicators triggered.
TXN_0000787,False,0.99,0.0,0.26720647773279355,0.5080971659919028,0.2325910931174089,False,deterministic_below_threshold,False,False,False,,Consistent with the account's normal transaction pattern; no fraud indicators triggered.
TXN_0000235,False,0.693,0.08333333333333333,0.8299595141700404,0.9149797570850202,0.5568151147098515,False,deterministic_below_threshold,False,False,False,NEW_DEVICE,Reviewed and cleared; minor signals only (initiated from a device not seen before).
TXN_0000897,False,0.99,0.08333333333333333,0.044534412955465584,0.01417004048582996,0.050944669365722,False,deterministic_below_threshold,False,False,False,CUSTOMER_HIGH_RISK,Reviewed and cleared; minor signals only (customer carries a HIGH internal risk rating).
TXN_0000426,False,0.99,0.08333333333333333,0.242914979757085,0.2591093117408907,0.18394062078272605,False,deterministic_below_threshold,False,False,False,NEW_DEVICE,Reviewed and cleared; minor signals only (initiated from a device not seen before).
TXN_0000743,False,0.99,0.0,0.024291497975708502,0.4251012145748988,0.1348178137651822,False,deterministic_below_threshold,False,False,False,,Consistent with the account's normal transaction pattern; no fraud indicators triggered.
TXN_0000019,False,0.975,0.4166666666666667,0.03340080971659919,0.32793522267206476,0.2750674763832659,False,deterministic_below_threshold,False,False,False,AMOUNT_RATIO_HIGH|VELOCITY_24H|CUSTOMER_HIGH_RISK,Reviewed and cleared; minor signals only (amount is 16.1x the account average; 3 transactions in the preceding 24h).
TXN_0000342,True,0.8,0.5833333333333334,0.6781376518218624,0.7925101214574899,0.674527665317139,True,slm,False,False,False,FOREIGN_MERCHANT|IMPOSSIBLE_TRAVEL|NEW_DEVICE,"The transaction from PVR Cinemas in Singapore, with a distance of 3,091 km from the customer's home city of Mysuru, and an initiated from a device not seen before, warrants a suspicion of fraudulent activity."
TXN_0000907,False,0.722,0.16666666666666666,0.7125506072874493,0.8238866396761133,0.5275978407557355,False,deterministic_below_threshold,False,False,False,NIGHT_HOURS|BALANCE_NEGATIVE,"Reviewed and cleared; minor signals only (occurred at 00:00, outside normal activity hours; drove the account balance negative)."
TXN_0000263,False,0.982,0.08333333333333333,0.22975708502024292,0.5516194331983806,0.2677462887989204,False,deterministic_below_threshold,False,False,False,NIGHT_HOURS,"Reviewed and cleared; minor signals only (occurred at 02:00, outside normal activity hours)."
TXN_0000056,False,0.99,0.08333333333333333,0.3076923076923077,0.2216599190283401,0.19213900134952766,False,deterministic_below_threshold,False,False,False,NEW_DEVICE,Reviewed and cleared; minor signals only (initiated from a device not seen before).
TXN_0000163,False,0.853,0.25,0.6234817813765182,0.36538461538461536,0.3966599190283401,False,deterministic_below_threshold,False,False,False,NEW_DEVICE|CUSTOMER_HIGH_RISK|KYC_NOT_VERIFIED,Reviewed and cleared; minor signals only (initiated from a device not seen before; customer carries a HIGH internal risk rating).
TXN_0000357,False,0.803,0.16666666666666666,0.7307692307692307,0.5384615384615384,0.4474358974358974,False,deterministic_below_threshold,False,False,False,NEW_DEVICE|CUSTOMER_HIGH_RISK,Reviewed and cleared; minor signals only (initiated from a device not seen before; customer carries a HIGH internal risk rating).
TXN_0000729,False,0.919,0.16666666666666666,0.2773279352226721,0.6032388663967612,0.3308367071524966,False,deterministic_below_threshold,False,False,False,BALANCE_NEGATIVE|KYC_NOT_VERIFIED,Reviewed and cleared; minor signals only (drove the account balance negative; customer KYC status is EXPIRED).
TXN_0000952,False,0.99,0.08333333333333333,0.3157894736842105,0.3066801619433198,0.22007422402159244,False,deterministic_below_threshold,False,False,False,NEW_DEVICE,Reviewed and cleared; minor signals only (initiated from a device not seen before).
TXN_0000690,False,0.99,0.08333333333333333,0.22267206477732793,0.4149797570850202,0.22462887989203775,False,deterministic_below_threshold,False,False,False,NEW_DEVICE,Reviewed and cleared; minor signals only (initiated from a device not seen before).
TXN_0000093,False,0.99,0.08333333333333333,0.16295546558704455,0.019230769230769232,0.08798920377867747,False,deterministic_below_threshold,False,False,False,NEW_DEVICE,Reviewed and cleared; minor signals only (initiated from a device not seen before).
TXN_0000823,False,0.756,0.08333333333333333,0.6558704453441295,0.8785425101214575,0.4936572199730094,False,deterministic_below_threshold,False,False,False,NEW_DEVICE,Reviewed and cleared; minor signals only (initiated from a device not seen before).
TXN_0000684,False,0.894,0.0,0.36133603238866396,0.8259109311740891,0.35617408906882586,False,deterministic_below_threshold,False,False,False,,Consistent with the account's normal transaction pattern; no fraud indicators triggered.
TXN_0000955,False,0.745,0.16666666666666666,0.8876518218623481,0.5728744939271255,0.5048245614035087,False,deterministic_below_threshold,False,False,False,BALANCE_NEGATIVE|KYC_NOT_VERIFIED,Reviewed and cleared; minor signals only (drove the account balance negative; customer KYC status is EXPIRED).
TXN_0000522,False,0.99,0.0,0.058704453441295545,0.14878542510121456,0.06224696356275303,False,deterministic_below_threshold,False,False,False,,Consistent with the account's normal transaction pattern; no fraud indicators triggered.
TXN_0000343,False,0.99,0.25,0.05263157894736842,0.11336032388663968,0.14979757085020243,False,deterministic_below_threshold,False,False,False,IMPOSSIBLE_TRAVEL,"Reviewed and cleared; minor signals only (card physically present 1,160 km from home)."
TXN_0000981,False,0.942,0.16666666666666666,0.17510121457489877,0.6305668016194332,0.30836707152496623,False,deterministic_below_threshold,False,False,False,NEW_DEVICE|BALANCE_NEGATIVE,Reviewed and cleared; minor signals only (initiated from a device not seen before; drove the account balance negative).
TXN_0000939,False,0.967,0.0,0.1862348178137652,0.7560728744939271,0.2826923076923077,False,deterministic_below_threshold,False,False,False,,Consistent with the account's normal transaction pattern; no fraud indicators triggered.
TXN_0000923,False,0.99,0.08333333333333333,0.590080971659919,0.06072874493927125,0.2285762483130904,False,deterministic_below_threshold,False,False,False,NIGHT_HOURS,"Reviewed and cleared; minor signals only (occurred at 03:00, outside normal activity hours)."
TXN_0000290,False,0.99,0.0,0.18522267206477733,0.029352226720647773,0.06437246963562752,False,deterministic_below_threshold,False,False,False,,Consistent with the account's normal transaction pattern; no fraud indicators triggered.
TXN_0000466,False,0.908,0.16666666666666666,0.347165991902834,0.5708502024291497,0.34207152496626175,False,deterministic_below_threshold,False,False,False,NEW_DEVICE|CUSTOMER_HIGH_RISK,Reviewed and cleared; minor signals only (initiated from a device not seen before; customer carries a HIGH internal risk rating).
TXN_0000667,False,0.907,0.0,0.3582995951417004,0.7854251012145749,0.3431174089068826,False,deterministic_below_threshold,False,False,False,,Consistent with the account's normal transaction pattern; no fraud indicators triggered.
TXN_0000470,False,0.906,0.25,0.45040485829959515,0.3633603238866397,0.3441295546558704,False,deterministic_below_threshold,False,False,False,NIGHT_HOURS|NEW_DEVICE|CUSTOMER_HIGH_RISK,"Reviewed and cleared; minor signals only (occurred at 02:00, outside normal activity hours; initiated from a device not seen before)."
TXN_0000238,False,0.831,0.0,0.5263157894736842,0.8704453441295547,0.4190283400809716,False,deterministic_below_threshold,False,False,False,,Consistent with the account's normal transaction pattern; no fraud indicators triggered.
TXN_0000741,True,0.8,0.3333333333333333,0.9251012145748988,0.5718623481781376,0.5824224021592443,True,slm,False,False,False,NO_AUTH_HIGH_VALUE|NIGHT_HOURS,"The transaction data contains a suspicious 'Distance from home (km)' field with a value of 1,110.00, which is significantly higher than the average distance from home for a current account in Hyderabad, IN, at 1,110.00 km. This anomaly, combined with the lack of authentication and the unusual timing at 03:00, warrants a verdict of suspicion."
TXN_0000524,True,0.95,0.4166666666666667,0.9595141700404858,0.978744939271255,0.7481443994601888,True,slm,False,False,False,HIGH_RISK_CATEGORY|NIGHT_HOURS|NEW_DEVICE,"The transaction is a high-risk MONEY_TRANSFER from a merchant category not seen before, occurring at an unusual hour, and initiated from an unknown device."
TXN_0000927,False,0.879,0.08333333333333333,0.4382591093117409,0.6882591093117408,0.3712887989203778,False,deterministic_below_threshold,False,False,False,NEW_DEVICE,Reviewed and cleared; minor signals only (initiated from a device not seen before).
TXN_0000847,False,0.935,0.0,0.7034412955465587,0.3481781376518219,0.31548582995951413,False,deterministic_below_threshold,False,False,False,,Consistent with the account's normal transaction pattern; no fraud indicators triggered.
TXN_0000303,False,0.688,0.16666666666666666,0.895748987854251,0.7550607287449392,0.5619095816464237,False,deterministic_below_threshold,False,False,False,CUSTOMER_HIGH_RISK|KYC_NOT_VERIFIED,Reviewed and cleared; minor signals only (customer carries a HIGH internal risk rating; customer KYC status is EXPIRED).
TXN_0000068,True,0.99,0.5,0.3522267206477733,0.9939271255060729,0.6038461538461538,True,slm,True,False,False,NO_AUTH_HIGH_VALUE|AMOUNT_RATIO_EXTREME,"The transaction is suspicious due to the high amount (303x the account average) and lack of authentication, which are red flags for potential fraud."
TXN_0000745,False,0.99,0.0,0.032388663967611336,0.29048582995951416,0.09686234817813766,False,deterministic_below_threshold,False,False,False,,Consistent with the account's normal transaction pattern; no fraud indicators triggered.
TXN_0000683,False,0.99,0.16666666666666666,0.13562753036437247,0.16093117408906882,0.15563427800269905,False,deterministic_below_threshold,False,False,False,VELOCITY_24H,Reviewed and cleared; minor signals only (3 transactions in the preceding 24h).
TXN_0000180,False,0.943,0.16666666666666666,0.3967611336032389,0.40384615384615385,0.3068488529014845,False,deterministic_below_threshold,False,False,False,NIGHT_HOURS|NEW_DEVICE,"Reviewed and cleared; minor signals only (occurred at 03:00, outside normal activity hours; initiated from a device not seen before)."
TXN_0000005,True,0.9,0.4166666666666667,0.7834008097165992,0.9423076923076923,0.6843792172739541,True,slm,False,False,False,IMPOSSIBLE_TRAVEL|NIGHT_HOURS|NEW_DEVICE,"The transaction data indicates the card was physically present 1,135 km from home, which is suspicious and deviates from the typical home location for a purchase of this amount."
TXN_0000529,False,0.86,0.08333333333333333,0.611336032388664,0.5759109311740891,0.38950742240215924,False,deterministic_below_threshold,False,False,False,NEW_DEVICE,Reviewed and cleared; minor signals only (initiated from a device not seen before).
TXN_0000962,False,0.812,0.0,0.7631578947368421,0.6953441295546559,0.4375506072874494,False,deterministic_below_threshold,False,False,False,,Consistent with the account's normal transaction pattern; no fraud indicators triggered.
TXN_0000185,False,0.728,0.08333333333333333,0.9058704453441295,0.7236842105263158,0.522199730094467,False,deterministic_below_threshold,False,False,False,NEW_DEVICE,Reviewed and cleared; minor signals only (initiated from a device not seen before).
TXN_0000517,False,0.942,0.0,0.5040485829959515,0.521255060728745,0.3075910931174089,False,deterministic_below_threshold,False,False,False,,Consistent with the account's normal transaction pattern; no fraud indicators triggered.
TXN_0000116,False,0.85,0.3333333333333333,0.8066801619433198,0.9321862348178138,0.6549932523616734,True,slm,False,False,False,IMPOSSIBLE_TRAVEL|NEW_DEVICE,"The transaction is a withdrawal of ₹3,133.80 from an account with an average balance of ₹15,763.49, located in Mysuru, India, indicating a withdrawal from a savings account."
TXN_0000133,False,0.81,0.16666666666666666,0.5880566801619433,0.6558704453441295,0.4398448043184885,False,deterministic_below_threshold,False,False,False,BALANCE_NEGATIVE|CUSTOMER_HIGH_RISK,Reviewed and cleared; minor signals only (drove the account balance negative; customer carries a HIGH internal risk rating).
TXN_0000816,False,0.99,0.3333333333333333,0.22773279352226722,0.11639676113360324,0.23657219973009447,False,deterministic_below_threshold,False,False,False,VELOCITY_24H|NIGHT_HOURS|CUSTOMER_HIGH_RISK,"Reviewed and cleared; minor signals only (3 transactions in the preceding 24h; occurred at 01:00, outside normal activity hours)."
TXN_0000467,False,0.927,0.16666666666666666,0.4159919028340081,0.43724696356275305,0.322638326585695,False,deterministic_below_threshold,False,False,False,NEW_DEVICE|POLITICALLY_EXPOSED,Reviewed and cleared; minor signals only (initiated from a device not seen before; customer is politically exposed).
TXN_0000828,False,0.977,0.0,0.3431174089068826,0.5668016194331984,0.2729757085020243,False,deterministic_below_threshold,False,False,False,,Consistent with the account's normal transaction pattern; no fraud indicators triggered.
TXN_0000719,False,0.865,0.0,0.31781376518218624,0.9655870445344129,0.3850202429149797,False,deterministic_below_threshold,False,False,False,,Consistent with the account's normal transaction pattern; no fraud indicators triggered.
TXN_0000634,False,0.99,0.16666666666666666,0.2236842105263158,0.048582995951417005,0.1483468286099865,False,deterministic_below_threshold,False,False,False,NIGHT_HOURS|CUSTOMER_HIGH_RISK,"Reviewed and cleared; minor signals only (occurred at 03:00, outside normal activity hours; customer carries a HIGH internal risk rating)."
TXN_0000620,False,0.747,0.3333333333333333,0.48279352226720645,0.7510121457489879,0.5034750337381916,False,deterministic_below_threshold,False,False,False,IMPOSSIBLE_TRAVEL|NIGHT_HOURS,"Reviewed and cleared; minor signals only (card physically present 790 km from home; occurred at 03:00, outside normal activity hours)."
TXN_0000286,False,0.99,0.08333333333333333,0.2682186234817814,0.15182186234817813,0.15934547908232116,False,deterministic_below_threshold,False,False,False,NEW_DEVICE,Reviewed and cleared; minor signals only (initiated from a device not seen before).
TXN_0000557,True,0.99,1.0,0.9919028340080972,0.9473684210526315,0.9817813765182186,True,slm,True,False,False,FOREIGN_MERCHANT|HIGH_RISK_CATEGORY|NO_AUTH_HIGH_VALUE|AMOUNT_RATIO_EXTREME|NIGHT_HOURS|NEW_DEVICE,"The transaction is a high-risk MONEY_TRANSFER from a foreign merchant (PH) to a customer in their home country (Bengaluru), with a large amount (153,338.82 INR) and a high ratio against the account average (93x), indicating a potential large-scale transaction. The lack of authentication and the fact that it occurred at an unusual hour also raise suspicions."
TXN_0000188,False,0.875,0.0,0.6973684210526315,0.5536437246963563,0.3753036437246963,False,deterministic_below_threshold,False,False,False,,Consistent with the account's normal transaction pattern; no fraud indicators triggered.
TXN_0000597,False,0.905,0.08333333333333333,0.5364372469635628,0.5020242914979757,0.34487179487179487,False,deterministic_below_threshold,False,False,False,KYC_NOT_VERIFIED,Reviewed and cleared; minor signals only (customer KYC status is EXPIRED).
TXN_0000903,False,0.838,0.0,0.7338056680161943,0.6396761133603239,0.41204453441295547,False,deterministic_below_threshold,False,False,False,,Consistent with the account's normal transaction pattern; no fraud indicators triggered.
TXN_0000221,False,0.87,0.16666666666666666,0.8653846153846154,0.17813765182186234,0.37972334682861,False,deterministic_below_threshold,False,False,False,CUSTOMER_HIGH_RISK|POLITICALLY_EXPOSED,Reviewed and cleared; minor signals only (customer carries a HIGH internal risk rating; customer is politically exposed).
TXN_0000572,True,0.79,0.5833333333333334,0.7904858299595142,0.3562753036437247,0.577361673414305,True,slm,False,False,False,FOREIGN_MERCHANT|IMPOSSIBLE_TRAVEL|CUSTOMER_HIGH_RISK,"The customer's high internal risk rating and the merchant's location in a foreign country, outside the customer's home country, indicate a high likelihood of fraudulent activity."
TXN_0000722,False,0.79,0.08333333333333333,0.8856275303643725,0.5364372469635628,0.45995276653171385,False,deterministic_below_threshold,False,False,False,NEW_DEVICE,Reviewed and cleared; minor signals only (initiated from a device not seen before).
TXN_0000887,False,0.99,0.0,0.06680161943319839,0.21862348178137653,0.08562753036437247,False,deterministic_below_threshold,False,False,False,,Consistent with the account's normal transaction pattern; no fraud indicators triggered.
TXN_0000021,False,0.99,0.08333333333333333,0.2479757085020243,0.23684210526315788,0.17877867746288797,False,deterministic_below_threshold,False,False,False,NEW_DEVICE,Reviewed and cleared; minor signals only (initiated from a device not seen before).
TXN_0000194,False,0.874,0.25,0.7995951417004049,0.1194331983805668,0.37570850202429157,False,deterministic_below_threshold,False,False,False,NEW_DEVICE|CUSTOMER_HIGH_RISK|KYC_NOT_VERIFIED,Reviewed and cleared; minor signals only (initiated from a device not seen before; customer carries a HIGH internal risk rating).
TXN_0000892,False,0.99,0.0,0.15587044534412955,0.03441295546558704,0.05708502024291498,False,deterministic_below_threshold,False,False,False,,Consistent with the account's normal transaction pattern; no fraud indicators triggered.
TXN_0000770,False,0.99,0.08333333333333333,0.20850202429149797,0.15384615384615385,0.1420377867746289,False,deterministic_below_threshold,False,False,False,NEW_DEVICE,Reviewed and cleared; minor signals only (initiated from a device not seen before).
TXN_0000617,False,0.988,0.08333333333333333,0.23279352226720648,0.5293522267206477,0.26197705802968957,False,deterministic_below_threshold,False,False,False,NIGHT_HOURS,"Reviewed and cleared; minor signals only (occurred at 01:00, outside normal activity hours)."
TXN_0000067,False,0.99,0.0,0.0020242914979757085,0.044534412955465584,0.013967611336032387,False,deterministic_below_threshold,False,False,False,,Consistent with the account's normal transaction pattern; no fraud indicators triggered.
TXN_0000251,False,0.859,0.0,0.8775303643724697,0.4271255060728745,0.3913967611336032,False,deterministic_below_threshold,False,False,False,,Consistent with the account's normal transaction pattern; no fraud indicators triggered.
TXN_0000209,False,0.99,0.16666666666666666,0.3917004048582996,0.22469635627530365,0.25158569500674766,False,deterministic_below_threshold,False,False,False,NEW_DEVICE|CUSTOMER_HIGH_RISK,Reviewed and cleared; minor signals only (initiated from a device not seen before; customer carries a HIGH internal risk rating).
TXN_0000307,False,0.79,0.4166666666666667,0.562753036437247,0.4149797570850202,0.45998650472334685,False,deterministic_below_threshold,False,False,False,IMPOSSIBLE_TRAVEL|NEW_DEVICE|CUSTOMER_HIGH_RISK,"Reviewed and cleared; minor signals only (card physically present 1,213 km from home; initiated from a device not seen before)."
TXN_0000801,False,0.833,0.08333333333333333,0.6680161943319838,0.6103238866396761,0.41683535762483126,False,deterministic_below_threshold,False,False,False,KYC_NOT_VERIFIED,Reviewed and cleared; minor signals only (customer KYC status is EXPIRED).
TXN_0000765,False,0.822,0.0,0.5738866396761133,0.8512145748987854,0.4275303643724696,False,deterministic_below_threshold,False,False,False,,Consistent with the account's normal transaction pattern; no fraud indicators triggered.
TXN_0000767,False,0.869,0.16666666666666666,0.9898785425101214,0.057692307692307696,0.3809379217273954,False,deterministic_below_threshold,False,False,False,ORPHAN_ACCOUNT,Reviewed and cleared; minor signals only (references an account that does not exist in the account master).
TXN_0000213,False,0.693,0.16666666666666666,0.9483805668016194,0.6852226720647774,0.5567476383265857,False,deterministic_below_threshold,False,False,False,NEW_DEVICE|KYC_NOT_VERIFIED,Reviewed and cleared; minor signals only (initiated from a device not seen before; customer KYC status is PENDING).
TXN_0000672,False,0.946,0.0,0.7935222672064778,0.21963562753036436,0.30394736842105263,False,deterministic_below_threshold,False,False,False,,Consistent with the account's normal transaction pattern; no fraud indicators triggered.
TXN_0000280,False,0.799,0.08333333333333333,0.6700404858299596,0.7226720647773279,0.4511470985155196,False,deterministic_below_threshold,False,False,False,NIGHT_HOURS,"Reviewed and cleared; minor signals only (occurred at 00:00, outside normal activity hours)."
TXN_0000206,False,0.733,0.25,0.6811740890688259,0.708502024291498,0.5169028340080972,False,deterministic_below_threshold,False,False,False,AMOUNT_RATIO_HIGH|NIGHT_HOURS,"Reviewed and cleared; minor signals only (amount is 14.0x the account average; occurred at 03:00, outside normal activity hours)."
TXN_0000663,False,0.99,0.0,0.016194331983805668,0.3208502024291498,0.10111336032388664,False,deterministic_below_threshold,False,False,False,,Consistent with the account's normal transaction pattern; no fraud indicators triggered.
TXN_0000526,True,0.9,0.75,1.0,0.6619433198380567,0.798582995951417,True,slm,False,False,False,HIGH_RISK_CATEGORY|NO_AUTH_HIGH_VALUE|NIGHT_HOURS|ORPHAN_ACCOUNT,"The transaction is a high-risk MONEY_TRANSFER transaction from an unknown merchant, QuickCash Wire Ltd, with an amount of 99,825 INR, which is significantly higher than the average transaction amount for the account, and occurred outside normal activity hours."
TXN_0000283,False,0.99,0.16666666666666666,0.23380566801619435,0.06072874493927125,0.15502699055330635,False,deterministic_below_threshold,False,False,False,NEW_DEVICE|KYC_NOT_VERIFIED,Reviewed and cleared; minor signals only (initiated from a device not seen before; customer KYC status is PENDING).
TXN_0000335,False,0.99,0.0,0.340080971659919,0.25,0.17702429149797572,False,deterministic_below_threshold,False,False,False,,Consistent with the account's normal transaction pattern; no fraud indicators triggered.
TXN_0000717,False,0.99,0.0,0.14979757085020243,0.29453441295546556,0.1332995951417004,False,deterministic_below_threshold,False,False,False,,Consistent with the account's normal transaction pattern; no fraud indicators triggered.
TXN_0000431,False,0.905,0.08333333333333333,0.4352226720647773,0.6052631578947368,0.3454790823211875,False,deterministic_below_threshold,False,False,False,NEW_DEVICE,Reviewed and cleared; minor signals only (initiated from a device not seen before).
TXN_0000380,False,0.99,0.0,0.631578947368421,0.1346153846153846,0.22985829959514167,False,deterministic_below_threshold,False,False,False,,Consistent with the account's normal transaction pattern; no fraud indicators triggered.
TXN_0000004,False,0.911,0.08333333333333333,0.3562753036437247,0.6629554655870445,0.3391025641025641,False,deterministic_below_threshold,False,False,False,NEW_DEVICE,Reviewed and cleared; minor signals only (initiated from a device not seen before).
TXN_0000537,False,0.99,0.0,0.1194331983805668,0.3107287449392713,0.12904858299595143,False,deterministic_below_threshold,False,False,False,,Consistent with the account's normal transaction pattern; no fraud indicators triggered.
TXN_0000012,False,0.844,0.16666666666666666,0.5668016194331984,0.5637651821862348,0.40583670715249665,False,deterministic_below_threshold,False,False,False,NEW_DEVICE|CUSTOMER_HIGH_RISK,Reviewed and cleared; minor signals only (initiated from a device not seen before; customer carries a HIGH internal risk rating).
TXN_0000929,False,0.923,0.08333333333333333,0.4979757085020243,0.4817813765182186,0.32726045883940613,False,deterministic_below_threshold,False,False,False,BALANCE_NEGATIVE,Reviewed and cleared; minor signals only (drove the account balance negative).
TXN_0000964,False,0.72,0.25,0.5334008097165992,0.9008097165991903,0.5302631578947368,False,deterministic_below_threshold,False,False,False,HIGH_RISK_CATEGORY,Reviewed and cleared; minor signals only (high-risk merchant category CRYPTO).
TXN_0000827,False,0.839,0.0,0.7408906882591093,0.6285425101214575,0.41082995951417,False,deterministic_below_threshold,False,False,False,,Consistent with the account's normal transaction pattern; no fraud indicators triggered.
TXN_0000480,False,0.99,0.0,0.16093117408906882,0.6821862348178138,0.2529352226720648,False,deterministic_below_threshold,False,False,False,,Consistent with the account's normal transaction pattern; no fraud indicators triggered.
TXN_0000168,False,0.937,0.25,0.5,0.20951417004048584,0.31285425101214576,False,deterministic_below_threshold,False,False,False,NIGHT_HOURS|CUSTOMER_HIGH_RISK|KYC_NOT_VERIFIED,"Reviewed and cleared; minor signals only (occurred at 03:00, outside normal activity hours; customer carries a HIGH internal risk rating)."
TXN_0000615,True,0.85,0.25,0.7044534412955465,0.9068825910931174,0.5834008097165992,True,slm,False,False,False,HIGH_RISK_CATEGORY,"The transaction is a high-risk purchase from a merchant category of GAMBLING, which is flagged as suspicious."
TXN_0000016,False,0.773,0.16666666666666666,0.5910931174089069,0.7773279352226721,0.4771929824561404,False,deterministic_below_threshold,False,False,False,NIGHT_HOURS|NEW_DEVICE,"Reviewed and cleared; minor signals only (occurred at 03:00, outside normal activity hours; initiated from a device not seen before)."
TXN_0000131,False,0.99,0.08333333333333333,0.07591093117408906,0.30465587044534415,0.14750337381916329,False,deterministic_below_threshold,False,False,False,CUSTOMER_HIGH_RISK,Reviewed and cleared; minor signals only (customer carries a HIGH internal risk rating).
TXN_0000165,False,0.912,0.16666666666666666,0.7925101214574899,0.11336032388663968,0.33842780026990554,False,deterministic_below_threshold,False,False,False,CUSTOMER_HIGH_RISK|KYC_NOT_VERIFIED,Reviewed and cleared; minor signals only (customer carries a HIGH internal risk rating; customer KYC status is EXPIRED).
TXN_0000321,True,0.85,0.3333333333333333,0.6518218623481782,0.8825910931174089,0.5936572199730095,True,slm,False,False,False,IMPOSSIBLE_TRAVEL|NEW_DEVICE,"The transaction is an unauthorized purchase from BigBazaar Retail, a merchant category in the GROCERY category, located in Chandigarh, India, with a distance of 1,168 km from the cardholder's home, and initiated from a new device not seen before."
TXN_0000664,False,0.892,0.08333333333333333,0.6467611336032388,0.4352226720647773,0.35792847503373815,False,deterministic_below_threshold,False,False,False,NEW_DEVICE,Reviewed and cleared; minor signals only (initiated from a device not seen before).
TXN_0000975,False,0.99,0.3333333333333333,0.28036437246963564,0.08906882591093117,0.24416329284750335,False,deterministic_below_threshold,False,False,False,NO_AUTH_HIGH_VALUE|NEW_DEVICE,"Reviewed and cleared; minor signals only (no authentication on a 20,999 INR transaction; initiated from a device not seen before)."
TXN_0000661,False,0.764,0.25,0.37449392712550605,0.9129554655870445,0.4862348178137652,False,deterministic_below_threshold,False,False,False,HIGH_RISK_CATEGORY,Reviewed and cleared; minor signals only (high-risk merchant category GAMBLING).
TXN_0000070,False,0.99,0.08333333333333333,0.11842105263157894,0.2408906882591093,0.14112685560053978,False,deterministic_below_threshold,False,False,False,NEW_DEVICE,Reviewed and cleared; minor signals only (initiated from a device not seen before).
TXN_0000668,False,0.852,0.0,0.5273279352226721,0.8006072874493927,0.3983805668016194,False,deterministic_below_threshold,False,False,False,,Consistent with the account's normal transaction pattern; no fraud indicators triggered.
TXN_0000460,True,0.83,0.6666666666666666,0.9868421052631579,0.8947368421052632,0.8311403508771928,True,slm,True,False,False,FOREIGN_MERCHANT|HIGH_RISK_CATEGORY|NIGHT_HOURS|BALANCE_NEGATIVE,"The transaction is a failed transfer from CryptoXchange Global to the customer's account, with an amount of [REDACTED] and a distance from home of 9,119.70 km, indicating a high-risk transaction. The fact that the transaction occurred at 03:00 outside normal activity hours and the negative account balance further support this verdict."
TXN_0000242,False,0.754,0.4166666666666667,0.6589068825910931,0.4402834008097166,0.49642375168690966,False,deterministic_below_threshold,False,False,False,VELOCITY_24H|NIGHT_HOURS|CUSTOMER_HIGH_RISK|KYC_NOT_VERIFIED,"Reviewed and cleared; minor signals only (3 transactions in the preceding 24h; occurred at 01:00, outside normal activity hours)."
TXN_0000095,False,0.865,0.16666666666666666,0.992914979757085,0.06983805668016195,0.3854925775978407,False,deterministic_below_threshold,False,False,False,ORPHAN_ACCOUNT,Reviewed and cleared; minor signals only (references an account that does not exist in the account master).
TXN_0000863,True,0.8,0.5833333333333334,0.8309716599190283,0.937246963562753,0.7637989203778678,True,slm,False,False,False,HIGH_RISK_CATEGORY|AMOUNT_RATIO_HIGH|NIGHT_HOURS|NEW_DEVICE,"The transaction is a high-risk purchase from a merchant in the gaming category, with an amount 10.6x the account average, indicating potential fraud."
TXN_0000354,True,0.8,0.4166666666666667,0.8208502024291497,0.6892712550607287,0.6197031039136303,True,slm,False,False,False,VELOCITY_24H|RAPID_SUCCESSION|NIGHT_HOURS,"The transaction is an unauthorized purchase from Netflix, a merchant in the subscription category, with a distance from home of 5.10 km, indicating a potential suspicious transaction."
TXN_0000724,False,0.99,0.08333333333333333,0.10323886639676114,0.6396761133603239,0.2562078272604589,False,deterministic_below_threshold,False,False,False,NEW_DEVICE,Reviewed and cleared; minor signals only (initiated from a device not seen before).
TXN_0000921,False,0.903,0.08333333333333333,0.6163967611336032,0.4291497975708502,0.3469973009446693,False,deterministic_below_threshold,False,False,False,NIGHT_HOURS,"Reviewed and cleared; minor signals only (occurred at 00:00, outside normal activity hours)."
TXN_0000370,False,0.983,0.08333333333333333,0.18421052631578946,0.5941295546558705,0.26683535762483135,False,deterministic_below_threshold,False,False,False,NEW_DEVICE,Reviewed and cleared; minor signals only (initiated from a device not seen before).
TXN_0000362,True,0.95,1.0,0.979757085020243,0.729757085020243,0.9128542510121457,True,slm,True,False,False,FOREIGN_MERCHANT|NO_AUTH_HIGH_VALUE|AMOUNT_RATIO_HIGH|NEW_DEVICE|BALANCE_NEGATIVE|CUSTOMER_HIGH_RISK|KYC_NOT_VERIFIED,"The transaction is anomalous due to the merchant being in the customer's home country, the lack of authentication on a high-value transaction, and the significant deviation from the account average."
TXN_0000865,False,0.696,0.16666666666666666,0.8087044534412956,0.8157894736842105,0.5540148448043185,False,deterministic_below_threshold,False,False,False,VELOCITY_24H,Reviewed and cleared; minor signals only (4 transactions in the preceding 24h).
TXN_0000809,False,0.815,0.3333333333333333,0.23076923076923078,0.7753036437246964,0.4351551956815115,False,deterministic_below_threshold,False,False,False,HIGH_RISK_CATEGORY|CUSTOMER_HIGH_RISK,Reviewed and cleared; minor signals only (high-risk merchant category GIFT_CARD; customer carries a HIGH internal risk rating).
TXN_0000547,False,0.927,0.0,0.49291497975708504,0.5840080971659919,0.32307692307692304,False,deterministic_below_threshold,False,False,False,,Consistent with the account's normal transaction pattern; no fraud indicators triggered.
TXN_0000510,False,0.99,0.0,0.06781376518218624,0.3856275303643725,0.1360323886639676,False,deterministic_below_threshold,False,False,False,,Consistent with the account's normal transaction pattern; no fraud indicators triggered.
TXN_0000372,False,0.751,0.08333333333333333,0.8927125506072875,0.6578947368421053,0.49851551956815116,False,deterministic_below_threshold,False,False,False,NEW_DEVICE,Reviewed and cleared; minor signals only (initiated from a device not seen before).
TXN_0000982,False,0.796,0.08333333333333333,0.5354251012145749,0.8653846153846154,0.4535762483130904,False,deterministic_below_threshold,False,False,False,NEW_DEVICE,Reviewed and cleared; minor signals only (initiated from a device not seen before).
